#{"t_start": 1790608530.3963263, "env_id": "None"}
r,l,t
-76.658036,150,26.786881
3.078944,150,27.214077
-109.748008,150,27.625518
-147.453306,150,28.000099
8.582134,150,28.419678
-44.195753,150,28.819272
-26.540597,150,29.191309
-122.178143,150,29.706545
-54.571679,150,30.143082
-75.475546,150,30.541833
-9.658988,150,30.952121
-18.527131,150,31.29825
48.589595,150,31.660114
-203.475321,150,32.031399
-18.985643,150,32.397847
8.052076,150,32.733891
-105.159303,150,33.039686
-84.730688,150,33.391629
92.365292,150,33.672649
-59.420939,150,34.032858
-114.873198,150,34.482213
-126.833715,150,34.832508
-73.471757,150,35.129692
-28.651021,150,35.512973
-124.072185,150,35.801034
7.633538,150,36.190727
-113.303884,150,36.567214
-62.508775,150,36.958031
-116.752003,150,37.31157
-7.313653,150,37.691479
-257.89618,150,38.041871
148.953033,150,38.417222
-97.707198,150,38.773954
-286.022685,150,127.94878
-211.911376,150,148.163079
86.913904,150,157.252018
111.933684,150,160.636925
178.09198,150,163.691377
-105.462511,150,167.113414
-143.747473,150,170.16543
156.317053,150,187.273969
295.842324,150,194.247055
-40.683838,150,200.35565
-109.077589,150,206.724828
146.613627,150,212.083817
117.427919,150,215.127678
240.87176,150,218.480735
33.732646,150,221.359881
186.995241,150,224.285724
63.418565,150,226.991483
265.728251,150,230.114676
-19.114119,150,232.952668
225.976074,150,238.597759
184.716371,150,243.157195
169.190264,150,249.647081
-100.032567,150,253.5257
39.492689,150,258.54784
348.372847,150,261.665988
-130.117112,150,264.694428
310.601777,150,267.993433
195.215397,150,270.826734
58.146444,150,273.501651
155.207185,150,276.500846
428.512456,150,279.970609
280.364186,150,283.477039
-34.245018,150,286.449805
192.35587,150,292.667051
-90.724042,150,295.074713
-71.851673,150,297.566465
-114.411988,150,300.177515
-70.767255,150,303.066597
-0.636366,150,306.433313
118.270241,150,309.804849
217.278953,150,312.574182
7.970899,150,315.441308
211.156755,150,318.275697
161.221258,150,321.067733
218.016198,150,323.819579
343.091402,150,326.440815
106.375735,150,329.299617
-44.006884,150,332.279358
25.690937,150,335.801021
114.201092,150,338.579971
116.504351,150,341.073124
-97.529276,150,343.700195
79.688138,150,346.353096
2.509028,150,349.099313
307.855449,150,351.683979
-58.931052,150,354.279473
131.524034,150,357.235707
113.254579,150,359.68327
76.109898,150,362.580349
458.242379,150,365.173068
100.407498,150,367.611815
461.694721,150,370.430687
-37.193905,150,372.731243
281.552038,150,375.238925
154.112128,150,377.842372
90.142602,150,380.630742
416.110321,14,380.928902
247.00742,150,385.472729
199.857126,150,387.962755
237.299112,150,390.798986
144.222242,150,393.270237
231.018563,6,393.360007
349.723581,150,395.620457
186.402033,150,398.033492
2.555161,150,400.690109
-60.548708,150,403.391592
117.511202,150,408.1774
230.840119,150,411.822252
-60.671064,150,415.049298
221.06617,150,417.81366
97.770785,150,420.654775
214.733815,150,423.651356
-41.358904,150,426.693467
203.223985,150,430.045847
307.95158,150,434.8939
281.147792,150,437.954737
235.631729,150,441.238635
229.128872,150,443.703705
463.904172,24,444.087971
447.76322,150,446.316623
159.658359,150,448.559219
436.357089,150,450.969067
65.805266,150,453.909838
96.82271,150,456.94754
149.491988,150,459.994822
152.787466,150,462.984664
271.774114,80,464.282105
205.118614,150,467.150812
151.962576,150,469.303944
304.16581,10,469.442175
154.27726,150,471.611938
379.671981,150,474.066789
522.22007,75,475.390832
331.180196,150,477.661885
135.029825,10,477.801492
197.831751,150,482.117473
539.112318,150,484.669387
351.33721,134,487.619749
259.683867,150,490.613658
-26.752066,150,492.590995
452.314013,150,495.003744
172.765039,150,497.25716
4.659714,150,499.276882
237.273728,150,501.342931
522.601262,51,502.033304
518.115165,28,502.51733
104.817246,150,504.713764
212.543613,150,507.020728
264.055904,150,509.406438
359.758907,150,511.719934
307.123611,150,514.512115
45.596669,150,517.216597
192.670777,150,519.421869
304.256825,150,521.889691
355.827225,150,524.103567
322.995274,150,526.062335
440.027204,150,528.035418
539.323273,120,529.712413
182.172937,150,531.738556
36.93761,150,533.733312
274.291783,150,535.988757
36.159977,150,538.295473
530.758252,24,538.664617
32.148982,150,540.850464
276.925597,150,542.883861
242.731014,150,544.921264
297.386319,150,546.942307
443.035327,150,548.99638
569.05966,30,549.396796
155.680121,150,551.600501
298.419093,150,554.171808
388.059611,24,554.623565
-25.52666,150,557.513909
202.984524,150,563.329731
334.413544,150,566.458495
371.558948,27,566.929616
339.720793,17,567.186761
135.286569,150,570.102047
409.598972,37,570.671862
331.844056,150,572.830426
136.093842,150,574.866891
-23.733768,150,576.9009
241.21567,10,577.058646
291.964896,150,579.169569
472.479825,150,583.666846
306.457608,150,586.772004
146.687213,150,590.143891
270.670562,150,592.97878
259.714337,150,595.43498
84.546362,150,597.547626
281.604433,139,599.741417
432.730092,17,599.985873
322.747279,150,602.407503
374.853581,150,604.788702
294.575597,150,606.85572
243.501429,150,608.863518
454.733776,150,611.156417
133.029873,150,613.612954
317.00638,150,616.09487
338.617146,23,616.523847
199.482353,150,620.230427
149.976472,150,623.337448
18.948267,150,625.935706
87.90327,150,628.135846
517.398814,31,628.593802
217.940858,150,630.913426
306.097859,150,632.97762
190.36126,150,634.984725
394.024982,150,637.175878
232.256479,150,639.266554
277.390319,150,641.292797
254.191626,150,643.804824
447.622481,150,648.392781
361.930799,150,650.867467
559.597077,68,652.31382
225.365675,150,655.135946
140.251479,150,657.244707
230.148931,150,659.390342
350.091195,150,661.551566
202.756071,150,663.644778
232.707418,150,665.954806
83.391228,150,668.105766
282.188526,150,670.383907
304.474188,150,672.944764
327.036253,150,675.32262
126.860023,150,677.844774
68.835539,150,680.847553
257.318052,49,681.689108
-30.900005,150,683.818312
320.857881,150,685.952636
178.072417,150,688.312592
412.913699,150,690.41061
193.855421,150,692.50159
310.044341,150,694.508688
162.187706,150,696.68198
147.568946,150,698.632725
265.846472,150,700.688726
322.433727,150,702.421449
229.953968,11,702.538893
238.599903,150,704.417037
184.298429,150,706.205497
368.526917,18,706.431239
239.728176,150,708.362447
269.751823,150,710.386923
391.549164,19,710.602248
60.567619,150,712.419957
384.971574,44,712.952584
118.521853,150,714.870136
221.090237,150,716.883451
71.629057,150,719.080339
258.479987,150,722.861034
239.976135,150,725.320666
366.119744,25,725.690474
385.923453,150,727.687421
225.435774,150,729.505512
-12.888937,150,731.285902
489.109819,38,731.836466
361.593404,150,733.808126
129.085157,150,735.655389
388.419268,57,736.405836
446.893426,150,738.367406
403.371407,150,740.286769
284.676709,8,740.403647
304.637266,150,742.519723
433.717798,150,744.90369
443.758018,150,747.21225
147.896693,150,749.085863
191.409902,8,749.214892
168.853715,150,751.896523
105.655293,150,754.165606
341.616507,150,756.067457
257.607967,150,757.900542
362.655349,150,759.98061
107.407344,150,761.886459
90.807374,150,763.83701
458.182638,23,764.13963
181.724725,5,764.198401
381.218237,150,766.001292
178.214811,6,766.073714
222.933797,150,767.937631
279.193601,150,770.076707
234.042359,150,772.305465
254.322823,150,774.261444
229.31362,150,776.145437
458.865333,150,778.42331
258.286431,14,778.617481
191.333368,150,780.87464
386.045368,18,781.163288
201.643717,150,783.330361
451.834593,23,783.629443
136.838634,150,785.922272
281.382812,150,788.071551
591.397399,37,788.605486
214.599889,23,788.918607
151.886203,2,788.938461
395.303155,150,791.093159
230.414705,150,794.802681
204.161981,150,796.936769
246.179912,150,799.312369
109.811153,150,801.612739
260.971727,150,803.738882
53.668292,150,806.092677
65.944211,150,808.51354
248.428392,150,810.912874
73.250565,150,813.088361
33.236646,150,815.145576
80.99443,150,817.472663
356.994232,150,820.008432
34.385102,150,822.054632
380.250199,150,824.613021
426.615369,32,825.119439
52.555329,150,827.402522
152.683512,150,829.690929
265.380201,11,829.852137
26.140152,150,832.210671
262.108593,150,834.730607
357.822759,150,836.915441
393.584004,150,838.952396
53.959948,150,841.034773
429.104968,150,843.221573
175.793538,150,845.344663
187.802389,150,847.482547
242.348083,150,849.47246
213.688682,150,851.893387
224.947352,150,854.080743
35.378196,150,856.180282
24.138939,150,858.207659
372.749043,150,860.273307
422.803238,14,860.445678
259.360792,150,862.533787
298.467018,150,864.660562
151.279048,150,866.853334
191.887057,150,870.921809
290.327252,150,873.257124
326.172171,150,875.560838
78.050557,150,878.372738
230.289831,150,881.739015
479.156161,21,882.114326
-29.846049,150,884.986278
481.289331,150,887.847185
284.320966,150,890.261578
503.577535,17,890.518673
150.161886,150,892.765801
204.968152,150,895.00042
284.859223,150,897.254912
264.375704,150,899.789738
35.829542,150,902.332927
158.667906,4,902.396611
433.063812,150,904.742105
501.327644,27,905.18851
553.918754,150,908.007016
149.954126,150,910.604861
100.738533,150,912.775399
247.147644,8,912.872259
258.242435,150,915.0431
30.381112,150,917.524824
24.180198,150,920.087818
381.156351,15,920.329516
310.508909,150,922.736847
157.283392,150,925.120841
222.258517,150,927.429235
58.090835,150,930.045889
327.678954,26,930.480915
276.028675,150,932.774776
279.782867,150,935.379203
105.369049,150,937.881337
350.092894,150,940.116542
215.093376,150,942.144779
298.866503,150,944.167544
367.001058,150,946.515407
554.04589,27,946.877643
2.842002,150,949.110424
321.328331,150,953.505726
362.388205,150,955.732848
287.431459,150,958.152901
212.277059,150,960.404833
157.365513,102,962.12333
144.348831,150,964.877536
200.036952,150,967.123827
478.196747,27,967.513907
324.362009,25,967.875405
303.213345,150,970.067031
520.782217,150,972.217527
564.233988,51,972.891265
206.234233,150,974.964606
66.315249,150,977.259344
426.543652,150,979.379377
435.806949,150,981.694882
474.284004,30,982.179296
484.088278,150,985.325886
348.063408,150,987.76273
434.046398,150,990.713154
294.157424,36,991.351626
189.374557,150,993.857863
338.990247,15,994.119767
165.460713,150,996.04365
172.052286,7,996.117521
263.828408,11,996.245476
236.011942,150,998.145691
298.505235,150,1000.121331
118.807205,150,1002.193252
36.863387,150,1004.036815
383.913665,150,1005.765218
311.076159,22,1006.034919
560.173185,150,1007.937083
238.170947,6,1008.010962
393.136672,85,1009.063873
331.481605,18,1009.292428
596.23091,38,1009.762725
252.226636,23,1010.079899
218.29248,150,1011.87495
483.336012,39,1012.385717
227.255281,150,1014.204922
290.466131,17,1014.440298
403.221139,43,1014.952549
569.116354,30,1015.324677
399.110063,150,1017.386841
342.618664,15,1017.593305
174.252076,150,1019.502281
450.595928,21,1019.748365
248.247225,150,1021.631455
146.442486,150,1023.561604
170.279734,150,1027.017479
508.200141,40,1027.578473
445.885299,30,1028.027822
164.413542,150,1030.636819
197.832797,150,1032.955504
202.318421,34,1033.498722
101.774533,150,1035.698351
149.998477,150,1038.17982
127.702372,150,1041.065473
330.11671,21,1041.561566
286.341459,150,1044.127617
153.422227,150,1046.757543
291.920078,123,1048.485476
215.333072,150,1050.596553
250.455619,150,1052.595777
142.016943,150,1054.513209
24.431134,150,1056.58874
99.962235,150,1058.779703
273.227133,150,1061.093888
217.016625,8,1061.221361
369.954478,71,1062.317627
346.999209,150,1064.534668
597.934789,35,1065.040588
364.068903,150,1067.763438
431.751786,150,1070.299735
86.490522,150,1072.333424
198.409915,150,1074.273683
316.889288,150,1076.294686
438.330438,16,1076.508601
213.407896,150,1078.47548
261.682512,150,1080.633806
243.581572,15,1080.85264
8.186421,150,1083.179416
452.125143,19,1083.487572
348.791123,150,1085.802445
450.048121,150,1088.392665
434.606471,31,1089.005635
149.885477,150,1091.505802
634.849,39,1092.118518
92.174473,150,1094.640696
355.928793,150,1097.38193
346.716196,150,1100.029437
621.097511,38,1100.622739
314.239312,150,1103.354798
147.446276,150,1107.736996
82.61797,150,1110.037892
244.142668,150,1112.11078
42.236718,150,1114.422673
111.376617,150,1117.387779
251.992247,150,1119.885471
97.443891,150,1122.089433
209.542362,150,1124.51344
79.269194,150,1127.165749
115.573295,150,1129.978701
339.885116,29,1130.477426
583.793599,33,1131.038732
337.651842,150,1133.351425
382.887017,150,1135.677309
290.89129,150,1137.786806
328.326029,150,1140.131598
423.300217,19,1140.397478
118.425614,150,1142.349507
362.836567,150,1144.500693
209.990209,150,1146.940912
-17.883176,150,1150.213331
299.151112,150,1152.662764
110.132807,150,1155.237104
281.529177,150,1158.038859
264.829894,150,1160.573743
216.169977,150,1162.830552
128.096853,150,1165.27357
178.058509,150,1167.414007
425.396841,131,1169.203936
528.15475,30,1169.69067
291.135449,150,1171.811072
29.744054,150,1173.771302
349.781779,150,1175.907825
74.111748,150,1177.853588
97.802758,150,1179.788923
473.578454,28,1180.178101
80.561896,150,1182.404781
428.399969,150,1185.785598
182.060576,150,1187.68494
322.896276,102,1189.02006
81.759116,150,1190.897002
148.516547,150,1192.77555
168.634261,150,1194.675532
426.010565,150,1196.633954
19.898594,150,1198.563095
448.959805,150,1200.45917
321.176262,150,1202.433958
248.21393,150,1204.572945
398.710988,150,1206.986922
561.420876,37,1207.557515
206.789111,150,1209.48697
472.776193,150,1211.52019
129.291169,150,1213.499636
171.116635,150,1215.57736
505.99737,150,1217.502595
269.155606,150,1219.292668
48.70136,150,1221.007201
175.615064,150,1222.72129
126.71117,150,1224.368491
124.003162,150,1226.108501
344.731175,20,1226.333661
227.171686,150,1227.989734
176.379552,150,1229.685426
414.587195,150,1231.409585
458.267404,150,1233.130198
151.303067,150,1234.804722
462.06726,107,1236.02116
477.722313,94,1237.102199
215.734254,150,1238.827627
336.114282,150,1240.538544
133.962291,150,1242.24362
207.84579,150,1244.005527
180.561436,150,1245.709583
613.436553,35,1246.121141
474.624881,21,1246.368757
291.060686,150,1249.645441
164.822752,150,1251.323721
198.349422,150,1253.035529
144.225165,150,1254.722701
266.936472,150,1256.480139
306.462737,13,1256.632922
138.878822,150,1258.369603
273.201147,150,1260.048619
182.743875,29,1260.382633
326.854055,14,1260.546525
206.248306,150,1262.291777
429.387635,150,1263.997599
278.766208,150,1265.730435
443.087744,150,1267.469485
105.106205,150,1269.213472
417.418007,150,1270.913778
288.119405,150,1272.627514
270.081636,150,1274.338393
404.299562,20,1274.573476
101.301164,150,1276.304597
137.34388,8,1276.403931
178.191199,150,1278.093658
399.013082,57,1278.784817
126.729071,150,1280.648504
61.031719,150,1282.562348
416.003344,150,1284.247072
371.103656,150,1285.980632
341.253685,150,1287.734782
152.483033,150,1289.871672
374.89517,150,1291.778634
282.284555,7,1291.85282
351.453883,150,1293.663418
220.647324,10,1293.782309
428.696863,150,1295.480548
482.15449,34,1295.912516
334.140608,150,1297.802379
162.645224,12,1298.011609
243.294004,150,1299.933528
302.897366,12,1300.093486
73.723652,150,1302.009375
404.487262,21,1302.28054
163.711451,150,1304.190795
378.653692,150,1306.03166
446.858814,150,1307.96469
283.783938,150,1311.58142
222.57869,150,1313.669309
80.898742,150,1315.905469
340.869208,150,1317.840508
263.277873,150,1319.865825
178.706877,14,1320.053208
262.744855,150,1322.04145
443.477367,150,1324.015428
252.131015,150,1325.868395
349.33491,14,1326.028321
148.599728,150,1327.92696
220.038911,13,1328.082977
275.246422,150,1330.050205
527.078014,48,1330.654627
149.601435,150,1332.610642
236.721948,22,1332.881784
233.600371,150,1334.792525
164.025813,150,1336.695838
555.755398,45,1337.265652
16.335164,150,1339.189652
332.135639,18,1339.412297
446.157267,150,1341.30543
194.931774,150,1343.203692
321.981967,28,1343.559491
321.485465,150,1345.51871
342.115342,14,1345.715413
281.557974,150,1347.771493
128.529569,150,1349.959791
385.197535,150,1351.832307
159.665448,150,1353.693612
271.806457,150,1355.641534
225.432829,150,1357.514805
201.367661,150,1359.431795
231.879463,87,1360.519775
323.809159,150,1362.440371
170.752109,150,1364.333181
140.648996,150,1366.298898
455.733066,150,1368.118443
287.564471,150,1370.058614
422.575851,150,1372.164075
28.408254,150,1374.149858
435.738474,59,1374.911551
237.494085,150,1378.203754
261.203528,150,1380.413403
342.391866,15,1380.637814
280.201598,150,1382.704823
202.011866,150,1384.652318
400.0272,150,1386.603668
325.264519,150,1388.4694
296.73941,150,1390.425491
246.790517,150,1392.410244
203.430366,150,1394.341274
348.224066,150,1396.308133
316.8682,142,1398.196618
476.446914,150,1400.184756
195.562752,150,1402.15216
54.524471,150,1404.099612
434.084612,20,1404.367145
201.036603,8,1404.468745
88.205955,150,1406.434987
408.249596,150,1408.272475
2.515262,150,1410.261307
437.758616,150,1412.397532
364.449198,150,1414.613428
295.186755,53,1415.312653
484.416731,41,1415.90464
131.356969,150,1417.856779
469.970229,48,1418.465726
510.124491,150,1420.399811
524.953957,150,1422.380288
398.746666,145,1424.250522
322.624944,150,1426.269517
298.306355,150,1428.124633
129.869156,150,1430.003695
322.197885,150,1431.883496
-2.948576,150,1433.782649
280.261648,150,1435.709668
334.227668,150,1438.086657
222.259015,150,1440.721972
134.555372,150,1443.090617
132.133511,150,1447.250351
326.456013,25,1447.57872
81.937458,150,1449.568992
256.37154,150,1451.419347
454.319015,73,1452.382406
247.86767,150,1454.27266
422.649244,72,1455.183436
269.321666,150,1457.133341
316.776824,26,1457.464912
657.933332,42,1458.023111
341.743648,150,1459.922901
455.124943,126,1461.51762
278.898382,150,1463.567343
322.507047,150,1465.567656
320.280339,150,1467.518595
222.095618,28,1467.869889
386.146925,150,1469.901327
313.68901,8,1469.999417
330.488699,75,1470.8895
181.102512,150,1472.761362
40.432704,150,1474.668745
54.012509,150,1476.570737
245.587282,150,1478.726398
98.995782,150,1480.765618
399.828172,150,1482.668586
98.448648,150,1484.59946
179.629084,52,1485.268343
318.430357,150,1487.640537
458.856938,31,1488.207016
369.869951,15,1488.462148
205.926832,150,1491.000721
375.490709,150,1493.052305
24.832452,150,1495.264765
98.565789,150,1497.499805
389.987119,150,1499.734718
513.652038,37,1500.284726
518.218592,150,1502.569671
374.393401,20,1502.853458
542.172276,105,1504.337224
326.679526,150,1506.823694
455.090631,57,1507.63868
287.092924,33,1508.102525
455.75866,18,1508.335651
369.48234,150,1511.231765
465.68408,31,1511.736661
99.502514,150,1513.912377
208.977352,150,1517.11467
268.437003,150,1519.161895
270.750651,11,1519.316829
476.861886,84,1520.528438
426.374435,19,1520.808577
259.207549,150,1522.79332
378.501466,19,1523.053725
94.406514,150,1525.132043
453.543841,30,1525.572217
196.092722,150,1529.209026
117.51288,150,1532.589324
495.706389,22,1532.992373
308.173775,150,1535.54014
119.636488,150,1538.037938
507.530367,32,1538.60089
177.41123,150,1541.199695
436.275462,21,1541.548614
249.399641,9,1541.708464
455.574027,26,1542.28101
19.975315,150,1545.668682
389.751843,46,1546.792287
308.327129,20,1547.105531
418.861139,59,1548.152255
239.679393,14,1548.408433
262.966632,41,1549.455459
120.020519,150,1551.988913
515.037942,41,1552.685734
13.848925,150,1555.235617
503.461341,46,1556.004823
238.600896,20,1556.346781
273.861583,37,1556.959752
306.066963,150,1559.554653
107.54654,150,1562.107552
459.015904,150,1564.574196
576.258981,27,1565.046545
264.63574,24,1565.458549
379.250479,150,1567.728328
453.85947,98,1569.142579
190.986369,23,1569.487532
358.039115,150,1571.799603
511.07522,40,1572.403543
-6.395172,150,1574.637846
266.385113,12,1574.814686
491.269042,31,1575.283885
394.638941,19,1575.56764
246.21513,150,1577.924109
257.098376,150,1580.304672
175.262924,15,1580.534553
398.492209,15,1580.752226
521.637497,75,1581.841566
383.4748,52,1582.584225
311.554391,21,1582.913749
543.686392,34,1583.401797
350.102544,19,1583.683581
138.967807,150,1585.979673
326.704337,21,1586.269847
235.37194,8,1586.390409
376.315208,29,1586.798822
367.869315,42,1587.434958
572.695685,130,1589.307485
70.932608,150,1591.491248
318.00537,12,1591.654974
469.553393,26,1592.03361
443.154578,150,1594.221542
337.478299,76,1595.360785
461.7172,150,1597.565927
438.895014,29,1597.988816
288.745414,150,1601.233648
229.663174,40,1601.801548
460.956042,28,1602.261462
249.767312,150,1604.494661
297.093809,66,1605.452881
339.822775,150,1607.716937
319.931808,29,1608.152709
426.143415,19,1608.415801
48.899571,150,1610.758715
393.141725,13,1610.981001
68.570432,150,1613.363448
223.210644,150,1615.493534
608.576062,29,1615.911009
433.489629,22,1616.215414
267.802473,16,1616.441683
254.568929,12,1616.616964
454.878967,24,1616.953392
134.267351,150,1619.130858
410.812955,29,1619.555529
63.665271,150,1621.628636
524.174689,20,1621.918801
507.410538,108,1623.492649
470.225703,13,1623.680291
188.120367,150,1625.829755
301.01526,150,1628.001537
302.356542,150,1630.170395
315.528808,87,1631.461596
465.398862,26,1631.867403
590.943413,76,1633.002547
238.391887,150,1635.171818
229.83925,150,1637.337326
484.305289,87,1638.606827
243.823537,150,1640.793758
290.90143,35,1641.357323
466.917163,51,1642.087088
230.506648,8,1642.204796
339.45241,16,1642.411376
174.169487,37,1642.889713
212.701363,55,1643.753243
517.493649,150,1646.383977
386.485544,25,1646.806611
99.402367,150,1649.34715
154.204888,150,1651.879028
358.329847,150,1654.135542
468.477417,150,1656.318798
314.525909,150,1658.455871
502.810254,36,1658.97314
172.661009,5,1659.052295
402.259482,150,1661.4141
245.185672,150,1663.560114
252.351228,150,1665.634886
177.934623,150,1667.80839
436.974442,38,1668.343432
230.801639,150,1670.589687
323.985949,150,1672.871687
158.922307,16,1673.105693
