#{"t_start": 1790528126.1964965, "env_id": "None"}
r,l,t
-75.779076,150,11.857182
-59.833231,150,12.021856
-194.636586,150,12.232796
-160.198343,150,12.377639
-141.639196,150,12.54028
24.260504,150,12.720209
-152.175786,150,12.880159
-70.262224,150,13.055612
-29.578889,150,13.211882
-225.05062,150,13.382512
0.689482,150,13.534797
-22.129913,150,13.678343
65.555883,150,13.855167
94.267041,150,15.76827
-59.915988,150,15.941367
28.531337,150,16.143924
147.392331,150,16.316428
-215.868764,150,16.500203
-21.410625,150,16.64035
80.048243,150,16.800171
-74.136939,150,16.947968
110.840274,150,17.093188
-85.551884,150,17.274201
-227.006168,150,17.482153
71.020861,150,17.686058
320.57644,142,17.834657
-21.926461,150,17.985178
-16.721031,150,19.528345
101.905818,150,19.667555
213.675468,150,19.788466
253.739525,150,19.920128
64.02587,150,20.056131
200.91417,150,20.239332
23.319956,150,22.495199
36.975845,150,22.631377
58.379452,150,22.762171
262.248985,150,22.933946
216.969922,150,23.064473
-10.371742,150,23.230041
-37.611603,150,23.381278
134.427717,150,23.557384
211.200494,150,24.973058
43.079313,150,25.105764
-3.138735,150,25.25734
246.892474,150,25.389233
66.312427,150,25.516059
156.593334,150,25.645773
41.998966,150,25.788202
222.254208,150,25.925129
99.437224,150,26.088467
283.964419,150,26.238104
-39.830696,150,26.395775
213.389309,150,26.55028
44.013238,150,26.710032
326.830064,150,28.343943
-16.337617,150,28.57004
146.864829,150,28.751202
360.935467,150,28.995964
-75.993915,150,29.181993
299.249951,150,29.362143
107.002551,150,29.522817
39.11727,150,29.693321
110.136287,150,29.875894
391.991321,150,30.00831
305.581584,150,30.230369
69.139761,150,30.412157
229.90392,150,33.528409
54.192025,150,33.897517
113.399806,150,36.806117
37.67672,150,37.091176
71.915376,150,37.388241
145.702411,150,37.714147
119.160487,150,38.044287
141.668862,150,38.343179
-63.808315,150,38.611428
253.994977,150,38.900974
279.970321,150,39.186278
244.236776,150,39.499635
375.896745,150,39.782713
210.274803,150,40.031999
20.260881,150,40.499516
134.381648,150,43.364073
127.070226,150,43.515874
164.182552,150,43.693726
-33.527201,150,43.854911
147.60646,150,44.00395
401.551189,145,44.159292
453.692484,93,44.256125
35.025627,150,44.450966
255.075193,150,44.605503
172.891084,150,44.74741
276.935187,68,44.816223
439.904,150,44.961428
100.692979,150,45.114158
476.897919,150,45.260631
156.010306,150,45.402898
346.66821,150,47.032473
121.564978,150,47.183326
10.585092,150,47.361961
180.826896,150,47.528231
410.079995,70,47.620088
418.338573,123,49.835786
120.703355,150,49.994358
117.333274,150,50.195892
104.187676,150,50.387244
179.416109,150,50.599518
167.542,150,50.77373
123.764226,150,51.010278
-26.050017,150,51.183296
136.406242,150,51.406196
153.723811,150,53.594883
-2.760842,150,53.850367
237.235883,150,54.081902
36.333094,150,54.31375
271.029489,150,54.537926
-20.250923,150,54.750197
79.288205,150,54.948178
210.361504,150,55.263313
255.092751,150,55.583413
377.123428,78,55.700394
234.615865,150,55.916649
462.61177,29,55.964015
288.331954,150,56.215519
38.296786,150,56.957218
564.285664,150,57.255974
-12.067857,150,60.631442
98.480144,150,61.043479
99.250195,150,61.431851
191.718874,150,61.867644
-88.576042,150,62.204401
153.409805,150,62.927296
195.436205,150,63.416591
76.736905,150,63.732952
172.423618,150,64.279884
367.186572,150,64.723792
515.071692,60,64.923019
210.070738,150,70.886446
-112.990725,150,71.250438
202.004684,150,71.586246
537.305799,150,71.873528
132.273884,150,76.599156
219.537101,150,76.847282
4.137992,150,77.065911
354.886693,150,77.314043
209.927966,150,77.53409
-42.144362,150,77.777492
417.207714,94,77.933002
320.669019,150,78.15726
325.891523,150,78.381851
19.519049,150,78.623628
124.668376,150,78.839988
403.664368,130,79.032063
394.325941,150,79.291474
188.200883,150,79.520399
-25.439751,150,81.8398
76.898136,150,82.168983
314.155375,150,82.484639
224.485739,150,82.758429
272.295961,150,83.057468
426.295391,150,83.385914
542.587874,43,83.46466
231.83721,150,83.714522
205.597024,109,83.8842
197.491439,150,84.09028
67.944083,150,84.384892
511.052902,147,84.662418
63.907918,150,84.9245
191.726701,150,85.173937
256.021558,150,87.401336
395.412504,124,87.600971
442.057257,150,87.850637
395.845093,150,90.214914
307.113443,77,90.324
170.843789,150,90.53178
199.403208,150,90.730247
-20.753429,150,90.94812
155.947135,150,91.155611
274.982028,150,91.368098
368.993697,37,91.420981
161.288984,150,91.629605
73.87063,150,91.805745
166.649372,150,92.006329
297.002973,150,92.20913
37.713461,150,92.415058
-46.893287,150,94.338212
90.378455,150,94.571053
227.506314,150,94.769963
360.322154,150,94.99408
298.143303,150,95.213863
71.288937,150,95.426779
278.962185,150,95.6539
231.27484,150,95.876542
99.092516,150,96.122361
57.947661,150,96.375404
299.869764,150,96.587255
309.34004,150,96.80827
330.966571,150,97.040428
195.916571,150,100.002086
202.981172,150,100.218444
339.8322,150,100.447436
97.85069,150,100.655585
240.254313,150,100.867618
74.777039,150,101.081767
187.904289,150,101.301069
102.390744,150,101.519994
157.730851,118,101.71227
102.270466,150,105.173042
326.041167,150,105.47353
372.56798,30,105.528288
216.016083,150,105.80504
165.216097,150,106.095712
346.352986,150,106.463928
104.392482,150,109.675655
396.271245,116,110.010052
205.235177,150,110.410181
361.210245,150,110.714969
386.174528,150,111.052027
344.968653,150,111.453474
190.18588,150,111.804973
139.357731,150,113.119919
176.071069,150,113.532643
315.187094,150,113.862432
338.489479,106,114.083919
364.264369,24,114.163197
226.511508,100,114.449522
396.048515,61,114.572286
463.527534,110,114.811142
454.333358,119,115.027951
45.584244,150,118.736191
36.225224,150,119.066401
259.693127,25,119.17464
2.95003,150,119.62032
319.444638,150,119.917377
184.505374,150,120.925972
387.85147,150,121.803503
208.393129,150,122.153014
442.801656,111,122.476658
42.445846,150,122.819337
152.597866,150,123.118215
205.611305,150,123.433949
122.572757,150,123.708292
227.531705,38,123.777336
224.97524,150,124.063303
322.040071,89,124.234234
158.879734,150,126.622912
348.856816,150,129.960255
222.523695,150,130.26027
243.808607,150,130.607325
103.565272,150,130.908274
226.957934,150,131.162465
102.59851,150,131.419374
344.265877,104,131.6283
209.87973,95,131.76431
312.037231,150,131.991119
225.950604,150,132.210893
102.447281,150,132.440205
535.632278,37,132.501468
386.109958,37,132.553106
149.266038,43,132.604642
322.520376,150,133.456679
402.648674,150,133.696073
312.831012,32,133.745889
227.454075,150,136.300127
390.152668,150,136.762822
409.984698,150,137.055678
119.941622,150,137.391695
437.501155,30,137.444541
550.152032,33,137.502746
567.34864,53,137.596023
267.129924,79,137.711817
11.925552,150,137.992457
190.098268,150,138.276549
98.07578,150,138.673258
347.123212,150,139.156562
231.871336,150,139.52766
335.437363,150,139.884807
86.932883,150,140.271091
10.141111,150,140.583656
314.668874,150,144.156559
175.052924,86,144.317375
397.053756,150,144.677183
17.240584,150,145.020006
363.044518,92,145.185736
244.547028,150,145.509113
196.853547,150,145.874209
223.160217,150,146.176652
247.810106,150,150.369364
581.191578,58,150.485039
93.163318,150,150.750799
323.387218,107,150.948386
258.614334,150,151.260407
141.583506,150,151.532248
305.196525,150,151.808161
73.06382,150,154.354838
285.470128,150,154.58322
417.357314,150,154.815935
-24.061243,150,155.04209
149.909206,28,155.090239
504.109064,130,155.292176
236.255418,150,155.523758
174.150656,150,155.787376
170.110344,150,156.049786
79.8397,150,156.275821
278.256746,150,156.494122
180.130271,81,156.616638
250.774283,46,156.688309
162.582251,150,156.896155
39.259691,150,157.097612
184.048459,115,157.27572
68.712279,150,159.248871
374.71644,150,159.507292
-105.521444,150,159.739677
355.666708,150,159.953172
280.403015,150,160.167245
74.35037,150,160.421283
49.647651,150,160.696471
78.396797,150,160.900479
33.189177,150,161.147745
399.479911,67,161.260726
356.101531,150,161.479161
501.888393,101,161.650959
170.33431,115,161.854368
485.336875,150,162.077458
303.24523,59,162.15418
318.334265,72,162.271179
365.567644,32,162.315952
340.562068,143,167.212854
199.439701,150,167.4343
196.808234,23,167.472996
-22.748904,150,167.707298
384.082687,150,167.934268
415.594372,41,168.001442
276.596232,150,168.231015
260.957752,150,168.469976
120.048156,150,168.699521
194.199179,150,168.946061
266.323028,150,169.188665
310.789706,150,169.43046
55.485712,150,169.676197
394.059704,104,169.844298
458.847822,150,170.164342
150.05377,29,170.248668
618.661835,59,170.380228
271.9872,150,173.465638
489.782697,79,173.672442
110.273757,150,173.905486
370.758967,25,173.947546
412.601022,62,174.040438
396.128117,43,174.110262
249.917552,54,174.227157
157.120438,39,174.283607
332.682035,150,174.535355
496.291129,85,174.671185
540.052632,150,174.913812
155.910725,150,175.164157
230.94348,51,175.245183
235.735757,130,175.478091
220.454768,150,175.901959
27.258454,150,176.147366
47.262899,150,176.396325
181.230931,150,176.660781
288.242659,150,176.906095
90.407667,150,182.053536
396.167784,99,182.258166
192.836014,19,182.292879
315.710624,138,182.565198
219.073124,150,182.905412
402.019354,64,183.09772
217.837173,97,183.415108
384.139511,150,183.717511
343.664758,102,188.209183
411.198467,88,188.398011
366.60007,150,188.72832
329.231936,150,189.041034
33.693945,150,189.343754
451.048175,116,189.620738
483.757206,118,189.866086
262.27138,150,190.141314
163.151221,150,190.397985
155.062502,53,192.570189
138.811528,150,192.793275
175.951803,150,193.03243
459.332205,150,193.241501
184.395203,150,193.513698
421.908418,38,193.574042
467.195755,150,193.81827
550.455078,138,194.015849
192.269131,150,194.237406
201.160649,13,194.260543
333.62932,150,194.500005
561.941538,28,194.554796
340.583924,150,194.789953
465.136813,150,195.042949
327.955761,150,195.321368
412.233186,150,195.564852
148.822908,150,195.824318
331.964787,24,197.833334
178.243174,150,198.054983
112.929981,150,198.292444
38.942563,150,198.493249
251.295989,85,198.612222
207.523632,150,198.826901
415.853872,56,198.912241
239.760515,19,198.943548
158.908058,14,198.963304
361.043466,150,199.1838
314.923066,14,199.204093
676.640573,105,199.351562
223.727453,108,199.508005
230.428499,150,199.705167
320.073055,82,199.824503
412.266623,150,200.045496
11.863992,150,200.280275
179.152524,150,202.902665
288.346315,150,203.134198
223.790249,150,205.13238
287.662002,71,205.20797
126.229064,150,205.415976
360.089756,150,205.615955
553.862951,44,205.683842
341.384521,40,205.729362
118.263659,150,205.911319
441.783778,73,205.993819
206.24396,150,206.183349
16.296585,150,206.399939
382.302354,112,206.553261
496.302246,143,206.755437
258.22563,150,206.954721
344.774243,89,207.089448
165.257433,150,207.307315
198.69033,86,207.428286
88.565963,150,207.632457
314.674733,47,207.698202
281.467841,91,209.498254
329.477071,38,209.545308
427.892628,57,209.624406
277.234984,56,209.710029
69.596353,150,209.923501
152.661741,150,210.109929
226.05733,150,210.323748
87.398929,150,210.541992
183.922527,46,210.598167
65.131995,150,210.82092
383.903511,92,210.988025
35.705397,150,211.205716
152.309504,150,211.447369
485.270184,21,211.473267
454.583866,150,211.696639
497.439909,68,211.799608
435.81733,150,211.994352
197.57065,105,212.143714
301.653231,98,212.296573
471.45919,71,212.401295
304.130758,150,214.781476
345.755174,20,214.821333
406.09901,56,214.924673
244.158629,12,214.950411
20.557615,150,215.250545
437.667374,128,215.470395
474.300677,68,215.579566
434.160303,150,219.144082
292.43615,150,219.698391
124.439136,150,220.066869
431.213624,150,220.53597
219.715626,51,220.676417
291.001763,150,220.998902
521.42824,76,221.173446
611.702232,96,221.3742
437.534003,104,221.559005
265.6333,150,222.057424
122.856186,150,223.085986
388.266782,128,228.617567
165.677441,47,228.715359
144.286937,150,228.973241
210.052592,150,229.370374
259.914641,117,229.621067
216.062759,150,230.033007
39.844299,150,230.345179
101.151773,150,230.648225
214.092468,150,230.910922
568.49301,102,231.168188
263.847912,150,231.431689
311.627303,150,231.870061
413.248978,101,232.137666
432.732686,145,232.628064
245.336852,150,233.048115
260.014176,150,233.348066
498.505823,43,236.552379
212.675085,150,236.80335
120.338555,64,236.916395
432.749901,108,237.096399
70.546499,150,237.330168
392.927127,46,237.407559
388.339925,128,237.61624
362.809635,60,237.699169
294.713438,73,237.816622
314.652965,139,237.983864
425.246931,55,238.067344
381.43976,150,238.282455
434.046463,42,238.347544
45.160959,150,238.557936
474.516221,80,238.690921
20.485479,150,241.620258
206.44688,66,241.741446
266.596111,150,241.98572
84.180842,150,242.239995
553.944395,111,244.306559
315.75949,110,244.445555
175.704708,150,244.650242
209.331021,82,244.745358
166.79021,150,244.928119
83.638801,150,245.141021
395.016066,150,245.331435
146.313935,29,245.380004
425.854337,150,245.543236
436.839817,139,245.721355
201.445151,150,245.933401
503.410699,112,246.104839
371.530322,150,246.315055
347.159387,122,246.476678
585.641038,105,246.685858
255.462894,83,246.787583
216.815272,150,246.957213
417.714496,150,248.917282
405.181948,46,248.973375
206.165193,87,249.115033
318.54614,94,249.273067
94.828886,150,249.517174
275.654693,126,249.684906
331.702922,135,249.866261
356.086466,62,249.931672
126.790924,150,250.155065
537.805663,89,250.297581
423.854366,150,250.524178
300.503692,112,250.715786
463.977338,41,250.768296
331.292428,150,251.037571
170.524331,150,251.283167
459.07282,50,251.38198
128.738488,150,251.635118
155.578063,150,251.867576
287.715114,106,254.523643
593.968408,109,254.731259
470.259154,65,254.86232
255.320143,150,258.366379
136.944191,150,258.61743
113.83344,150,258.850295
289.025588,20,258.876267
406.767566,34,258.934525
299.40828,97,259.089346
97.926602,150,259.335541
396.017955,66,259.468324
182.2367,49,259.539324
313.55316,124,259.753507
156.903725,150,259.966035
552.478587,29,260.012331
417.721865,32,260.060184
423.022337,150,260.378236
37.35489,150,260.635223
375.643191,150,260.859344
406.633248,88,260.998398
248.313136,150,263.032026
396.199698,67,263.195823
101.867357,150,263.436229
-2.055303,150,263.721408
291.078596,15,263.740386
382.173054,134,263.940825
258.402616,117,264.130356
229.708727,123,264.39335
394.680812,150,264.646071
344.768166,150,264.905818
337.689075,150,265.158096
148.770165,150,265.529125
340.72766,150,265.821435
278.975369,64,265.971176
493.124159,63,266.092968
212.166871,63,266.250469
475.871291,150,266.607593
475.436332,67,266.769976
467.857415,141,269.286425
146.857331,103,269.445995
357.941033,78,269.567299
125.745791,150,269.797374
75.525064,150,270.089274
264.464589,150,270.34846
124.439178,150,270.596265
546.715203,118,270.868353
576.043497,49,270.964692
293.401119,150,271.261313
351.453212,61,271.358423
194.787315,132,274.738927
346.304635,150,274.994691
245.008511,150,275.246623
168.905592,97,275.418314
382.589768,42,275.475879
573.304706,77,275.618116
375.584206,100,275.828349
334.26628,146,278.516594
281.675253,58,278.609009
212.668512,85,278.753358
255.81204,150,278.980856
353.008609,150,279.217218
138.48541,150,279.46998
235.375259,43,279.564372
238.032358,150,279.769056
282.149761,100,279.925728
407.508532,150,280.170081
162.498008,85,280.297484
325.759908,56,280.372041
564.439838,142,280.590182
168.299668,150,280.797313
171.326393,150,281.06393
433.085572,101,281.228449
337.291172,48,281.290465
399.647604,45,281.370292
155.086967,150,281.634444
488.705698,150,284.073663
283.846981,63,284.16548
397.377958,81,284.30717
345.009293,52,284.388359
338.10738,91,284.532145
236.713614,24,284.563127
454.892619,90,284.68437
288.541649,65,284.809658
274.777673,29,284.848039
457.577051,150,285.076588
404.582206,17,285.104356
546.794141,81,285.217333
143.142158,85,285.367634
441.129751,23,285.405136
171.5722,150,285.655952
374.967572,136,285.864305
335.53766,96,286.034952
399.382873,145,286.357445
358.467153,75,286.501588
509.316989,62,286.600052
435.987951,90,286.765329
426.084698,100,286.965168
374.789179,71,287.1062
155.522228,150,289.467555
487.137364,101,289.619433
324.988946,33,292.181171
592.367497,52,292.268003
304.993952,42,292.332508
179.373328,83,292.460352
296.043947,150,292.656154
198.618849,67,292.735826
239.250873,67,292.816259
379.038295,150,293.008378
142.732926,37,293.075267
386.84861,150,293.296175
471.642129,48,293.363825
287.234185,117,293.519313
346.870265,150,293.698046
84.466346,150,293.878302
471.964194,54,293.945583
467.710876,150,294.124405
503.884386,150,294.284276
262.738711,150,294.507298
469.208234,70,294.60267
336.796281,150,296.848186
261.857202,143,297.042482
449.561769,150,297.217248
-3.048781,150,297.472006
251.296427,150,297.695744
476.607214,48,297.77118
195.162101,150,297.979836
121.982191,150,298.182157
285.370211,48,298.263116
314.860962,69,298.372116
219.577605,55,298.476248
273.583586,150,298.760975
451.115174,36,298.805485
390.948722,31,298.847562
422.911062,42,298.899459
430.610108,58,298.98935
313.237623,76,299.16521
649.060508,126,299.400929
325.734112,150,299.801861
457.546247,62,299.914159
279.557978,150,302.550323
441.386245,18,302.588238
443.800689,91,302.777632
221.399302,50,302.841889
500.778977,61,303.163032
311.471895,9,303.250494
327.022342,60,303.480056
156.599726,150,303.950372
179.160093,33,304.023278
185.218916,122,304.268216
368.962902,41,304.376558
216.906356,104,304.601756
561.761609,113,304.8405
249.801836,90,305.071428
168.982273,89,307.844603
434.770377,139,308.146006
325.19361,150,308.471348
357.829414,38,308.551604
316.299119,22,308.598008
523.498921,74,308.76813
170.422948,23,308.819447
57.128746,150,309.109572
525.253552,21,309.146074
389.833196,150,309.404019
637.252111,102,309.572
363.322445,100,309.733113
532.907554,112,312.006927
448.714177,75,312.12997
458.011116,30,312.176695
283.397433,51,312.256258
452.410721,50,312.352917
483.574977,61,312.450788
313.125862,150,312.694507
102.627579,150,312.950025
323.849579,51,313.044154
375.024592,57,313.132533
264.614886,54,313.219392
473.877429,117,313.423731
425.101795,62,313.547617
244.328613,150,313.790681
362.919882,131,314.002716
113.894221,150,314.280429
437.0661,108,314.455213
302.718974,30,314.49368
228.882005,57,314.577147
493.76779,31,314.615234
463.704011,39,314.673008
234.18845,72,314.777345
346.975591,150,314.991849
306.537093,30,315.035284
430.809327,84,315.167429
238.146527,88,317.288323
440.965758,136,317.514584
177.469342,40,317.580315
235.53961,150,317.808925
163.695723,150,318.0259
419.351432,83,318.158182
240.691669,16,318.181604
264.431617,44,318.238797
102.917281,150,318.5016
509.978036,56,318.58873
147.972678,72,318.70072
503.72628,68,318.79711
228.182306,137,318.992219
274.265709,84,319.111157
427.100601,75,319.222998
222.90892,32,319.258118
470.962455,150,319.498446
572.783025,67,319.596385
263.744377,64,319.682979
349.537718,150,319.923487
454.562639,68,320.050401
192.051724,32,320.100188
470.882433,59,322.721271
507.532843,64,322.825398
163.532161,55,324.813511
259.438023,80,324.93309
481.438144,86,325.061002
384.035915,81,325.173298
361.295036,14,325.196107
369.774138,65,325.293972
165.942437,123,325.482292
263.169967,150,325.730661
515.248628,88,325.875925
382.580127,60,325.991189
310.008816,38,326.05277
545.313962,32,326.108196
211.920363,150,326.343896
275.686024,74,326.444371
323.304935,74,326.575071
225.954916,74,326.703829
372.568304,21,326.739852
365.006812,106,326.901249
576.758661,84,327.034528
239.241087,78,327.180307
317.897052,38,327.246139
470.2487,45,327.336595
561.148336,109,327.510606
335.533227,57,327.598381
418.526606,150,327.865453
440.401075,45,327.954136
405.6141,106,330.255096
104.598235,150,330.569485
461.185199,28,330.632948
247.091668,150,330.957261
298.658613,26,331.02097
453.603374,25,331.094705
320.112774,59,331.23105
424.864464,50,331.415598
177.220748,61,331.567916
390.042262,20,331.617195
207.27932,142,331.984063
333.894372,45,332.157269
599.203481,72,332.314436
434.723953,36,332.400467
263.054741,59,332.499838
244.844388,73,332.660409
316.026227,150,332.937424
254.244525,98,333.142512
401.856989,67,333.291262
182.427381,131,333.53207
510.56271,118,333.751014
508.277267,76,333.88454
454.792335,91,334.037222
315.282543,23,334.079334
419.351271,83,334.217517
413.360705,30,334.27414
312.693876,110,334.551635
464.175817,90,336.811195
590.597841,55,336.888342
358.730235,138,337.11962
343.33836,44,337.192294
487.426064,69,337.316757
366.514507,104,337.499461
289.700233,38,337.564881
459.549507,65,337.665881
86.453632,150,337.914246
325.32075,97,338.077265
167.807988,109,340.541043
217.849312,48,340.60531
632.908129,81,340.739859
378.157231,91,340.874224
224.445,12,340.892988
284.116981,35,340.945973
494.421408,60,341.03298
608.91291,118,341.212962
421.167326,72,341.331904
498.131698,99,341.476088
173.660661,28,341.522397
554.308144,83,341.648074
223.471777,150,341.87232
387.453647,30,341.91316
298.069424,18,341.942244
439.2545,59,342.028421
369.683145,15,342.051143
270.359435,150,342.258173
150.118767,65,344.449337
401.870391,50,344.518334
321.305512,128,344.740056
254.441041,44,344.795349
118.156046,150,345.058553
482.21402,43,345.128254
410.860785,41,345.190054
248.00553,51,345.265395
454.61185,127,345.476713
311.551553,150,345.703353
242.635655,70,345.807552
438.260716,127,345.988305
422.826741,118,346.174579
329.346443,96,346.313972
203.368127,54,346.39361
351.064594,37,346.445877
291.889385,39,346.500392
355.258295,150,346.701477
268.571306,25,346.738463
483.113745,130,346.917479
175.407412,70,347.012087
243.382674,48,347.080273
460.438498,86,347.192477
492.021306,84,347.315907
331.324232,48,347.388157
298.185316,25,349.507228
469.924001,74,349.628452
-15.07953,150,349.873816
331.566764,54,349.96843
544.22735,117,350.164295
250.993629,36,350.234349
552.72948,140,350.484153
385.281035,60,350.611103
369.23284,56,350.708466
485.942561,42,350.786438
473.361917,52,350.887517
441.305231,150,351.180953
520.304262,51,351.282191
229.32435,32,351.354971
309.139255,35,351.43389
399.845719,31,351.486157
318.499737,150,351.781351
381.278453,47,351.869246
511.311622,59,351.974031
436.560726,56,352.074014
413.617009,27,352.114568
407.592327,71,352.249987
539.616383,55,352.387376
527.803854,66,352.522264
344.21347,23,352.575651
280.595252,31,352.63261
235.379865,14,352.660552
258.475053,53,356.021884
523.588259,59,356.198408
347.611569,115,356.538323
338.628519,15,356.576388
526.151703,63,356.705266
