#{"t_start": 1790606547.1800318, "env_id": "None"}
r,l,t
-54.143962,150,7.84874
11.878476,150,7.883956
-86.914544,150,7.916044
-139.540183,150,7.948587
1.853636,150,7.9863
-27.064357,150,8.010838
-23.685144,150,8.035475
-119.556043,150,8.060186
-52.280969,150,8.088584
-83.596419,150,8.112098
-13.346178,150,8.143634
-11.334359,150,8.167443
30.174806,150,8.196234
-215.233834,150,8.229166
4.858453,150,8.275184
-12.744334,150,8.300406
-101.394752,150,8.325447
-77.411613,150,8.349639
70.02627,150,8.374515
-63.084969,150,8.39985
-118.211648,150,8.427544
-123.897842,150,8.451912
-85.64024,150,8.475872
-27.118675,150,8.50006
-128.224752,150,8.525797
-7.135258,150,8.550494
-115.711683,150,8.574779
-68.767853,150,8.600993
-127.536663,150,8.628695
-10.20319,150,8.652965
-264.773588,150,8.67768
128.339078,150,8.700797
-107.71407,150,8.728294
-143.285858,150,11.291075
66.611526,150,12.926236
154.04043,150,15.157418
247.873829,150,17.726066
272.17855,150,20.593714
168.659403,150,23.161088
256.930452,114,25.032601
269.755362,150,27.484557
322.210871,150,29.791561
88.76608,150,32.107324
224.11939,49,32.87841
502.921039,18,33.198485
177.66805,150,35.974673
339.800388,150,39.484706
323.743848,10,39.729899
443.747567,92,41.713709
375.405157,20,42.075112
398.85926,150,44.791883
18.652338,150,47.979771
406.187578,71,49.619038
420.859231,39,50.349449
274.852234,150,53.18899
262.899148,13,53.431246
420.226137,64,54.855996
541.958357,74,56.94958
236.039325,12,57.261909
401.433879,150,61.011428
250.063651,150,64.843067
129.110332,150,67.904067
306.426905,43,68.653092
492.988626,150,71.554977
573.418061,150,74.945298
334.928974,43,75.774833
326.307461,150,78.782134
115.03511,150,81.316342
189.869589,150,84.1441
126.204444,150,86.826034
261.447122,139,89.831958
124.89664,150,97.019059
185.371724,150,101.068192
434.366579,49,102.117253
5.375576,150,106.002418
283.566414,150,109.439822
512.537668,80,110.913285
440.793457,150,114.724132
513.697602,150,116.921949
413.295384,150,119.158542
278.101339,59,120.090644
227.193139,150,122.361215
328.351591,68,123.422308
229.637752,150,125.795274
62.585095,150,128.088867
307.907613,24,128.454856
435.334702,109,130.019953
349.382315,150,132.160396
164.550399,70,133.24422
529.509628,47,133.974476
273.098781,150,136.270418
160.322909,150,138.75079
625.868906,63,139.989668
319.382147,23,140.38699
489.045337,150,142.692814
199.684833,150,144.919768
513.328085,56,145.860814
172.713199,150,148.189631
230.297509,24,148.537133
278.255943,150,150.750438
278.652891,150,153.160615
315.472162,150,155.685249
371.839241,22,155.971309
224.5417,150,158.291745
231.391264,8,158.433061
491.450288,101,159.902244
452.402067,100,161.263175
160.655641,150,163.467102
232.557358,14,163.691251
224.324698,150,166.011675
325.151784,150,168.341368
40.681266,150,170.552748
423.072553,43,171.342319
283.823647,15,171.685324
290.711598,150,174.275799
-10.125503,150,176.491509
353.971673,24,176.862244
311.121526,150,179.119758
458.742478,21,179.422381
401.488253,11,179.569024
268.712313,150,181.739814
337.09141,150,183.962391
586.867994,59,184.80322
282.115733,8,184.918136
592.253055,47,185.640617
228.66635,145,187.820624
359.61355,21,188.132174
151.74467,150,191.56525
365.592769,30,192.013296
127.876279,150,194.301823
377.030202,90,195.630734
369.235395,133,197.550525
303.903764,11,197.727186
369.062615,18,197.991267
390.816891,150,200.252537
530.067356,20,200.550711
461.798354,50,201.334123
134.387328,8,201.45519
424.47615,25,201.854221
561.832818,150,204.098375
361.08523,26,204.51307
292.486063,150,207.102135
228.492936,22,207.454226
449.307829,150,209.618105
250.528963,150,211.909769
181.404804,73,212.967292
427.442078,116,214.721949
526.272351,31,215.185488
393.450832,150,217.4082
126.021946,150,219.577009
219.815029,150,221.750142
417.836186,16,221.978053
548.832241,20,222.326131
419.300696,28,222.750713
216.027186,12,222.940544
162.89889,150,225.173047
504.119693,49,225.884149
342.553948,150,228.084183
354.543716,150,230.218249
567.260121,42,230.817137
543.741565,27,231.210392
390.31488,20,231.498162
95.787152,150,233.558115
416.68899,18,233.834181
222.415473,10,233.999769
528.635539,45,234.668242
253.078333,14,234.882136
360.281223,150,237.118356
340.812917,150,239.758068
410.954847,26,240.178918
469.715868,150,242.298417
448.626133,150,244.488262
306.534348,138,246.58415
435.108575,35,247.114218
385.129425,27,247.494981
185.287919,31,247.927827
392.696202,19,248.212254
477.971641,120,249.995421
371.767827,17,250.237672
341.376595,16,250.469646
285.06957,17,250.733844
418.36682,18,251.008225
455.827124,45,251.747409
278.569305,55,252.552182
155.05631,14,252.764056
248.19692,7,252.869701
411.442601,65,253.798708
592.008623,113,255.464256
457.335917,43,256.115157
171.270431,150,258.307337
444.207026,38,258.84599
459.043743,25,259.195713
237.09194,116,260.940751
166.214925,150,263.14163
426.418556,133,265.097151
496.635331,49,265.790676
511.061206,57,267.596224
469.602581,53,268.438078
295.712734,150,270.69772
459.912817,150,273.235341
266.945185,32,273.776989
475.547778,64,274.805045
332.26049,146,276.936324
373.471156,45,277.574463
238.839333,150,280.388083
-82.922562,150,283.280448
314.356055,150,286.487989
512.274769,53,287.36839
376.237886,22,287.738571
457.209717,32,288.310547
220.630761,150,290.89619
361.529566,150,293.182265
242.314878,150,295.456429
411.838538,24,295.806027
451.31128,29,296.233144
441.942233,150,298.467199
523.42346,36,298.989858
434.697387,150,301.1445
175.900946,150,303.362216
296.398858,28,303.827155
389.857925,41,304.540701
525.094354,136,306.817135
349.062863,27,307.211387
362.972927,10,307.376135
232.548459,12,307.570469
396.492305,85,308.802378
469.975817,133,310.688021
473.630046,20,310.986882
125.821658,150,313.20789
211.006042,11,313.363033
263.653846,13,313.564512
16.177319,150,315.90165
461.774177,46,316.661885
343.633389,48,317.368667
538.227269,33,317.85819
125.920268,150,320.135191
338.286787,150,322.368252
302.131659,29,322.832043
306.845099,18,323.141174
374.964869,43,323.792665
328.145162,95,325.187114
93.971662,150,327.710823
261.856287,150,330.344255
329.656307,11,330.497611
372.364092,18,330.812171
510.794132,49,331.576065
401.430795,22,331.909741
391.142503,29,332.324999
257.169249,33,332.818689
393.01591,38,333.484058
262.855492,20,333.95044
355.345963,53,335.016223
217.112131,39,335.721132
532.188266,21,336.156214
433.361522,118,338.646261
358.835347,126,340.838257
421.598838,150,343.021324
384.692111,17,343.266119
27.892923,150,345.434217
485.527684,44,346.083293
419.080683,150,349.05071
312.948078,15,349.251763
389.504563,29,349.698212
582.713413,72,350.808123
423.932036,150,352.998329
284.072014,12,353.203173
320.422802,150,355.40233
424.170596,150,357.578096
577.61767,30,358.0104
278.160782,41,358.617958
189.058204,10,358.769692
327.49068,27,359.169664
237.744413,10,359.324705
499.718758,23,359.662035
422.35004,61,360.515071
518.476532,46,361.167043
296.610309,72,362.267335
232.013658,17,362.50211
450.96576,107,364.117965
178.992777,46,364.758096
537.608359,33,365.255152
178.655258,12,365.424085
373.477518,16,365.658322
250.155094,150,367.834272
363.430517,47,368.548144
227.741902,150,370.96987
391.303537,32,371.525075
587.277321,26,371.948089
257.859443,22,372.296808
332.497099,16,372.530103
385.747533,19,372.795885
214.828504,150,374.963216
458.91534,22,375.278388
249.764542,25,375.643146
442.208574,19,375.912782
589.761567,44,376.540062
209.040453,26,376.923144
154.741392,5,376.995215
382.830406,150,379.208064
367.684501,40,379.774276
397.116157,22,380.105331
394.383065,33,380.600364
289.113469,22,380.942709
441.830551,25,381.308349
189.94011,17,381.576169
133.025888,150,383.744353
282.904089,150,385.952189
230.346688,12,386.117377
195.462228,9,386.260513
253.425192,95,387.676276
351.045396,150,389.89628
149.677517,10,390.043601
504.244022,70,391.033102
427.087513,24,391.372963
198.187812,6,391.457115
280.240727,45,392.085124
263.430478,20,392.376156
218.478203,114,394.071162
398.887165,34,394.601874
519.67265,29,394.995091
509.201251,29,395.386324
178.308442,4,395.437088
642.399553,41,395.983107
310.882441,32,396.430321
324.202993,19,396.724249
364.655637,40,397.297947
350.754899,13,397.482678
396.822344,34,397.98061
196.890357,7,398.094894
157.805207,3,398.138918
533.186017,44,398.780657
421.090793,22,399.117127
426.771619,22,399.452254
414.660192,64,400.448811
289.790625,16,400.685292
350.230254,21,400.99211
422.817939,15,401.244349
454.485673,33,401.729619
223.974902,6,401.818365
402.778904,28,402.23174
475.470833,21,402.557549
154.696437,25,403.066302
503.368628,150,405.710578
437.455994,25,406.111602
503.62867,20,406.463746
331.427896,23,406.781747
366.723051,20,407.077029
424.189235,22,407.382076
402.006102,24,407.726308
252.860243,25,408.090395
159.977016,7,408.19213
439.63831,150,410.385117
500.363674,28,410.785275
690.387123,53,411.548118
303.242939,16,411.793128
237.56879,11,411.960634
246.552838,13,412.169735
409.714827,29,412.598196
217.3904,29,413.164479
177.115558,34,413.724637
381.129015,21,414.035521
469.871389,25,414.395251
307.46591,49,415.116113
404.577514,32,415.587247
192.385836,12,415.762136
327.131999,18,416.026523
419.730178,32,416.492083
295.283279,150,418.698133
224.860709,28,419.076274
532.78641,37,419.615068
350.21716,19,419.902003
417.087725,20,420.197051
494.456371,22,420.531605
551.38561,31,420.967241
131.486213,150,423.689923
460.193299,30,424.102106
497.799596,62,425.04312
410.074583,23,425.392373
345.880251,20,425.670375
161.038028,4,425.727299
308.54516,70,426.756236
329.331216,23,427.087318
476.453462,35,427.598999
315.816107,93,428.931852
421.969443,53,429.727712
644.845195,122,431.478396
567.924927,40,432.028794
365.634987,26,432.42541
205.838081,5,432.502048
565.78854,48,433.197625
563.802475,21,433.50631
478.925313,22,433.831195
610.791144,41,434.458755
471.968062,32,434.933316
566.696387,27,435.315062
295.862207,43,436.167068
325.560382,15,436.47206
342.479651,16,436.765107
291.598852,52,437.759638
168.315106,11,437.944268
254.337622,124,439.956341
356.901741,22,440.266092
422.971212,19,440.549807
241.324418,9,440.687832
160.879062,8,440.813208
405.251339,150,442.870548
316.679799,10,443.01044
689.79419,47,443.69763
232.974538,8,443.841322
394.308637,19,444.134447
335.368836,9,444.264255
467.331548,150,446.4115
252.688254,10,446.561933
373.20752,17,446.813789
487.815456,28,447.233349
389.164355,25,447.63711
290.524927,10,447.782093
404.694974,30,448.232986
437.869114,150,450.488693
556.540818,27,450.867116
343.406587,22,451.209542
289.077938,16,451.447087
445.099706,107,452.985326
377.627173,17,453.238557
273.825227,19,453.541319
262.399096,150,455.755452
513.090997,34,456.255487
443.589365,39,456.813721
239.857236,150,458.988802
317.867172,20,459.284275
203.180745,19,459.567119
241.929813,7,459.66486
314.809101,9,459.815261
287.786381,22,460.134908
332.308079,9,460.260699
431.576523,24,460.665326
280.60095,16,460.897531
300.065989,22,461.211745
259.058779,150,463.375166
368.947863,20,463.667981
260.952973,52,464.430632
187.703531,11,464.592095
287.217152,21,464.903806
390.368348,23,465.211456
212.2862,9,465.332566
370.161478,21,465.605092
484.433961,19,465.858098
599.189803,40,466.430522
509.678418,26,466.807298
569.511546,35,467.318029
211.450663,11,467.476974
319.988036,16,467.706592
476.731779,38,468.255437
437.904499,17,468.511665
352.8944,13,468.71063
409.681563,29,469.2032
245.774223,7,469.337304
171.067707,36,469.969655
456.457947,24,470.424369
481.944896,27,470.861377
582.645336,41,471.601264
433.526961,19,471.935268
282.615445,13,472.137247
633.987307,42,472.768083
224.180827,12,472.966742
484.373734,27,473.377088
530.425896,20,473.662084
624.875863,36,474.197608
448.019725,20,474.494491
448.053703,50,475.255993
304.13163,17,475.496896
400.902396,13,475.685364
168.0258,9,475.83209
283.72539,17,476.083347
399.994891,25,476.437329
272.555736,77,477.583337
439.173397,29,478.052854
216.256785,32,478.508215
246.003996,27,478.900817
339.202932,24,479.247241
581.993334,32,479.763438
479.16596,18,480.042964
362.185823,150,482.22902
427.400491,27,482.633137
448.11392,21,482.946326
421.820088,20,483.246726
407.989317,113,484.881366
499.908121,20,485.170557
355.977557,12,485.346856
131.274394,3,485.384877
442.646149,26,485.754323
233.768519,24,486.097583
401.291319,27,486.512336
399.567226,18,486.771852
369.388043,30,487.205561
301.32918,14,487.407733
336.833889,20,487.702734
436.142286,18,487.959832
527.236012,32,488.393065
435.519583,22,488.692961
214.900127,52,489.460791
483.753805,23,489.785246
235.299286,22,490.098212
214.745486,12,490.278258
476.366753,29,490.705824
241.878253,17,490.95338
567.836622,24,491.359878
325.294336,16,491.603225
332.569254,9,491.738476
214.422134,18,491.997512
316.871707,59,492.851797
175.763178,150,495.054072
558.880843,39,495.627852
154.064865,8,495.744058
567.573783,32,496.222951
445.291125,41,496.847616
372.11599,21,497.145136
512.820312,35,497.657615
556.140049,38,498.913698
356.673186,13,499.101805
598.985256,43,499.72505
266.739783,29,500.171466
256.036662,150,502.459865
655.059934,37,503.123575
409.481737,24,503.558362
209.700414,12,503.777201
323.425615,23,504.174139
129.504091,150,506.478112
155.976824,150,508.677479
342.240708,24,509.02657
356.41187,131,510.878564
319.412928,18,511.132315
543.302881,22,511.45223
583.153017,33,511.885198
314.000209,19,512.146217
468.507103,32,512.588339
481.307655,20,512.879768
239.769551,150,515.136058
459.016364,29,515.560574
136.26867,150,517.749749
351.764169,31,518.211112
301.77424,18,518.471433
611.526893,35,519.001715
477.160931,20,519.293216
426.554297,25,519.697006
298.683896,40,520.274
327.708692,49,520.964174
288.207143,19,521.253561
412.736908,14,521.457058
305.496099,12,521.643306
258.159477,27,522.0563
398.009336,17,522.310159
185.367516,19,522.583315
327.66942,14,522.778193
334.356015,21,523.092178
555.252789,27,523.487116
418.310801,17,523.73378
570.42617,29,524.146074
249.593089,12,524.324895
562.9294,38,524.879813
417.007459,24,525.232765
386.808013,24,525.570377
401.665702,22,525.894163
123.408193,150,528.043514
140.497188,17,528.302274
292.000073,11,528.460393
398.410241,22,528.778491
265.984484,28,529.208521
237.850953,14,529.415102
547.296528,39,529.9631
488.646006,28,530.366057
463.085396,36,530.895265
287.772216,15,531.131232
515.336666,33,531.598384
284.629445,9,531.738657
496.617849,24,532.094372
214.341812,17,532.34624
590.446274,49,533.089767
483.76854,26,533.493128
479.854868,19,533.768657
159.046895,17,534.016078
253.85255,150,536.337566
301.788357,13,536.551815
222.9542,8,536.676104
396.990119,21,537.021796
287.242125,27,537.472545
559.219536,37,538.082946
577.308752,38,538.630757
454.125341,21,538.94382
351.02172,26,539.338601
208.500428,21,539.635301
515.505423,40,540.216976
388.024945,15,540.432783
184.915336,3,540.47726
383.504815,16,540.705053
575.051609,33,541.183054
381.573919,17,541.425345
351.121946,14,541.644218
292.324604,21,541.948045
219.294813,11,542.103753
402.617372,43,542.78836
526.869821,31,543.243962
310.905078,17,543.479102
238.243758,11,543.642066
403.958117,28,544.050366
293.405478,13,544.238179
555.710913,36,544.755994
168.080909,4,544.812572
330.693648,18,545.084134
448.337344,150,547.26418
309.667428,14,547.488983
326.814152,20,547.797526
450.518744,25,548.177384
338.16988,15,548.391511
401.736343,26,548.76217
184.159461,150,550.982101
510.537141,33,551.45692
284.184627,15,551.670416
406.9054,21,551.959701
345.622688,28,552.385795
345.281047,20,552.677943
239.559213,9,552.802572
461.035756,24,553.192315
289.565309,18,553.454171
276.609395,16,553.686041
594.013241,35,554.200447
410.676146,13,554.391232
552.227525,21,554.690765
152.565931,10,554.847148
441.721447,19,555.122192
382.815862,23,555.464041
389.823803,20,555.77903
343.079492,14,555.997258
411.703259,31,556.447843
361.444282,33,556.932513
513.887699,90,558.178256
451.422353,24,558.492089
433.642333,31,558.924214
379.987114,22,559.242348
339.056843,23,559.557795
491.966114,82,560.745193
325.812205,11,560.894487
595.75392,27,561.256495
315.048017,9,561.369563
193.34752,10,561.504026
435.340716,35,561.990772
202.444793,9,562.117283
242.271603,16,562.350581
524.995913,41,562.979754
145.200065,4,563.036382
567.184991,42,563.658685
480.900635,23,564.02046
297.053052,20,564.317122
484.562803,41,564.926166
262.260184,10,565.072023
473.765128,37,565.61573
635.661018,47,566.318228
639.298848,54,567.103252
402.57588,25,567.489751
479.906423,28,567.906046
493.362396,47,568.71041
276.325774,12,568.931318
465.053048,28,569.405919
126.647146,3,569.458067
409.133877,35,570.111061
479.897123,20,570.481982
360.041278,13,570.693579
249.176117,21,571.008405
289.745492,20,571.334827
327.210861,21,571.630531
224.49454,9,571.758402
402.718658,20,572.0742
454.319224,16,572.30722
393.696356,17,572.559632
429.759805,32,573.056165
437.982943,22,573.943263
316.388376,26,574.303967
662.268332,45,574.95704
477.794853,20,575.254393
462.861639,33,575.734046
426.789885,26,576.095259
445.550843,13,576.287449
454.199982,19,576.569809
223.033006,6,576.65202
502.567527,23,577.012811
316.80473,8,577.143012
337.049919,17,577.389666
324.641905,26,577.784068
180.502147,16,578.027148
193.939452,6,578.114065
375.392771,12,578.284253
226.800688,24,578.624016
573.843753,23,578.986382
262.388954,18,579.239628
181.336881,13,579.424201
448.861895,15,579.636199
459.21396,31,580.13723
361.458339,19,580.402234
318.796207,13,580.6008
529.444578,32,581.071132
173.79379,5,581.14621
239.248417,149,583.224013
526.247267,17,583.466341
512.548163,43,584.115954
646.464177,36,584.625522
368.023202,31,585.121474
543.223034,66,586.076697
454.006996,26,586.44841
457.538435,21,586.754039
287.120737,12,586.936718
457.289388,18,587.193292
489.565243,37,587.725025
465.923042,28,588.133236
232.918885,23,588.513406
328.970196,14,588.736055
380.929283,17,588.980762
266.864581,23,589.311508
480.270874,26,589.677654
427.703547,12,589.864259
406.260812,25,590.222191
377.461819,21,590.533508
255.622612,22,590.864352
445.75475,26,591.251711
314.611325,11,591.422179
229.071935,44,592.089643
499.250271,22,592.404214
461.096999,22,592.735961
238.802033,13,592.919673
511.716262,28,593.379058
306.785888,14,593.587835
436.577619,20,593.884875
247.749237,9,594.027129
454.115318,23,594.372232
180.465007,10,594.518277
391.004918,27,594.911122
311.34743,19,595.20883
425.093528,22,595.527378
240.080376,11,595.671544
265.511624,17,595.905387
273.985071,20,596.199768
517.860989,22,596.523819
152.375057,11,596.678402
502.328342,28,597.096587
238.146724,29,597.520213
275.375913,16,597.748843
431.714045,29,598.172205
222.93245,13,598.363327
597.681998,34,598.875022
576.159346,34,599.41086
267.269362,12,599.596293
500.04391,35,600.12319
321.767314,150,602.563534
195.906331,15,602.82174
473.906019,19,603.208413
512.589224,35,603.804152
166.289085,13,604.009976
265.637742,15,604.236274
496.792488,37,604.784387
393.795458,21,605.083157
368.127878,10,605.233091
382.289999,24,605.598996
178.514934,19,605.868017
399.983397,21,606.158244
512.749563,105,607.644253
389.383067,15,607.877213
316.767994,23,608.218513
544.989404,26,608.587803
350.11459,74,609.662495
286.410702,19,609.944943
324.809942,26,610.326931
233.233948,9,610.45116
370.832893,22,610.786142
372.896278,17,611.066283
576.790506,59,611.978273
252.831329,20,612.307099
318.416278,13,612.519669
474.953391,21,612.879002
572.334003,37,613.493411
339.878122,23,613.879887
580.814537,46,614.765685
440.794952,25,615.197169
414.243634,31,615.747777
233.664927,15,616.023911
464.816988,16,616.30501
411.471319,30,616.788803
300.424234,16,617.022189
454.367328,16,617.28127
322.027302,19,617.585829
430.861491,24,617.953361
185.615828,7,618.053226
394.26316,14,618.265375
217.795271,19,618.538673
338.533507,11,618.707438
609.360445,30,619.155519
435.807728,22,619.475529
266.257004,20,619.762609
253.058311,7,619.87219
457.186903,22,620.206234
266.296889,24,620.571889
409.689407,15,620.804792
185.27954,8,620.930545
525.835212,21,621.238497
511.038768,32,621.717264
469.13672,13,621.901935
311.376298,13,622.106944
428.308307,29,622.542127
413.103448,19,622.819629
316.579861,26,623.234533
465.53347,30,623.69321
593.888444,37,624.270401
368.819129,30,624.721776
352.964402,16,624.946511
485.827962,19,625.240529
371.614646,23,625.592853
292.338553,22,625.931869
465.917465,25,626.300802
233.824862,12,626.49336
335.303576,18,626.758262
174.130958,19,627.034156
216.129728,21,627.354294
640.751432,47,628.06527
386.129134,27,628.463177
226.214404,15,628.689711
289.83557,32,629.142139
504.951684,37,629.683759
619.27698,40,630.239764
433.954366,31,630.648733
500.863776,42,631.253977
176.226536,6,631.355121
557.913857,47,632.0665
383.618429,20,632.350711
390.532286,23,632.693242
298.04558,12,632.906272
437.607536,23,633.256196
369.83543,15,633.497158
443.646755,27,633.903251
155.477289,7,634.026222
404.103311,39,634.717
333.023384,20,635.080703
257.572483,23,635.493039
255.556313,21,635.848508
485.645948,22,636.227282
414.246952,31,636.777159
251.919174,13,636.982306
460.603776,23,637.344172
478.195471,25,637.702125
249.607376,22,638.02632
450.64173,28,638.43411
436.571192,22,638.774725
340.77514,28,639.184131
208.373986,11,639.348108
352.769239,17,639.597703
296.346651,11,639.822707
503.373087,19,640.114314
267.710601,11,640.275154
498.70305,34,640.778128
177.509315,18,641.038208
250.328959,13,641.223004
465.08093,28,641.630817
497.222671,38,642.158257
332.950369,13,642.355648
301.444773,15,642.568684
470.27135,40,643.143541
133.140531,7,643.235321
339.593121,27,643.619778
560.665947,36,644.148272
251.642412,11,644.314248
568.009436,42,644.926185
388.168267,31,645.375408
370.377599,20,645.658499
489.053335,26,646.034997
477.528381,24,646.387999
608.13744,35,647.028294
521.864474,43,647.643519
234.602604,12,647.853982
313.486454,20,648.148242
398.586846,17,648.39576
455.512079,31,648.857497
385.728143,21,649.170524
519.41179,23,649.492914
436.231783,34,650.571383
413.310827,25,650.922168
413.689996,29,651.343513
547.779549,31,651.785146
535.480114,42,652.39529
346.922531,18,652.676293
281.609431,16,652.915786
234.891898,8,653.030354
264.12642,27,653.401185
523.838199,57,654.201479
354.047971,21,654.513331
334.146657,12,654.681472
528.478861,23,655.023115
367.0867,27,655.410714
484.882126,29,655.848431
557.907166,28,656.257216
548.163425,30,656.726159
322.120636,19,656.991654
464.787521,32,657.464226
180.347881,12,657.668883
397.520038,28,658.078609
481.20297,21,658.37831
542.019035,32,658.843488
273.909765,14,659.040691
246.053548,23,659.392114
480.032303,16,659.618397
164.165845,8,659.728227
516.723131,45,660.412658
695.437804,44,661.11064
391.303789,35,661.628979
393.626134,28,662.060691
430.865913,26,662.46824
252.797187,13,662.657127
264.600053,22,662.986214
343.521329,21,663.349673
373.065359,21,663.700735
507.11416,23,664.088502
216.083709,10,664.252666
296.17465,19,664.56957
545.783673,26,665.071177
229.792702,13,665.276373
186.646711,10,665.425207
236.319165,23,665.751496
274.146413,14,665.983226
176.978136,7,666.104919
444.944044,22,666.503922
462.396154,25,666.933122
392.88716,24,667.367139
507.78839,32,667.923364
350.897182,15,668.18832
398.685835,20,668.540386
453.258534,20,668.875224
603.821367,33,669.438633
282.051044,17,669.787719
262.911691,10,669.972717
349.468746,12,670.160801
329.676144,62,671.057242
403.619871,24,671.408485
320.946403,18,671.690613
191.977271,21,671.985484
511.873889,20,672.274987
492.247031,40,672.888436
210.025678,19,673.168258
427.667784,24,673.517478
404.131117,28,673.932172
362.941323,22,674.245198
454.004128,21,674.554139
408.860959,42,675.166101
283.55664,13,675.369755
307.209012,37,675.929764
465.706523,22,676.254959
388.680437,25,676.622557
328.005723,15,676.824108
208.202541,15,677.017133
332.444182,24,677.32971
394.566574,14,677.517741
306.140784,18,677.768273
453.075773,19,678.038768
241.628043,7,678.136197
503.096598,31,678.588127
516.75235,27,678.969815
424.192768,30,679.39722
255.755113,47,680.076244
184.271562,6,680.170643
466.315582,34,680.685373
214.882789,9,680.818354
306.937346,32,681.288739
215.706008,21,681.596422
526.912158,18,681.851863
322.531261,13,682.042964
376.56696,14,682.270612
441.405576,25,682.658162
606.164631,40,683.238954
398.963899,12,683.417492
244.153174,9,683.548407
126.977075,8,683.658113
321.885873,18,683.972188
471.644586,89,685.298188
443.63907,26,685.688042
231.536851,10,685.82314
430.13393,20,686.125672
537.530387,98,687.571686
513.463175,32,688.030663
495.780078,43,688.688489
393.313524,64,689.632181
398.718584,22,689.943212
443.656254,18,690.206086
281.10355,15,690.425486
420.953997,22,690.794302
521.851233,50,691.50217
167.034891,11,691.657459
196.544944,6,691.740436
338.802946,25,692.09753
376.593554,150,694.350517
285.616306,18,694.62223
494.847057,39,695.17312
496.074958,43,695.824519
462.000679,33,696.31221
420.522731,20,696.617159
190.736977,7,696.713328
387.674823,38,697.267223
295.899286,15,697.498125
499.634677,46,698.187101
469.129931,25,698.538463
413.545683,29,698.996984
195.114145,18,699.290579
392.357226,17,699.57509
199.662345,5,699.651306
560.297697,41,700.313372
482.515553,30,700.823092
462.488852,31,701.370578
365.115793,18,701.691529
322.879295,11,701.888248
306.805939,16,702.131693
524.220432,25,702.598782
234.688324,18,702.924953
408.837451,21,703.344234
571.040855,42,703.976094
227.002028,9,704.118505
353.712205,14,704.338529
303.602108,21,704.665477
249.164037,9,704.797359
374.839426,23,705.131749
305.803332,9,705.266123
207.515528,7,705.373412
216.898615,10,705.509634
171.864241,8,705.621768
505.970292,24,705.9875
422.745366,21,706.326042
410.455536,21,706.624272
189.608633,7,706.719882
389.564681,16,706.958183
277.248406,10,707.115245
519.638789,30,707.532206
398.222088,16,707.753113
569.640966,18,708.012218
411.370888,17,708.301218
344.119321,17,708.546257
372.194597,17,708.790657
412.318048,19,709.078156
283.741483,15,709.308138
564.649793,33,709.776315
231.745062,10,709.927069
397.235961,24,710.265966
470.210912,30,710.730216
317.098002,12,710.932322
352.659524,12,711.121944
357.79639,9,711.254337
226.655875,7,711.355272
311.283269,15,711.574894
458.282035,37,712.107271
585.622472,36,712.624426
400.532969,24,713.032698
350.53028,11,713.204327
248.062749,8,713.320069
335.371892,22,713.637257
608.495274,35,714.13966
609.911574,45,714.838655
235.34789,5,714.91575
346.383908,15,715.133155
169.708302,10,715.289956
478.813997,26,715.662484
384.684739,14,715.885445
282.918954,26,716.248739
415.210814,30,716.686962
435.707531,22,717.016105
502.207992,30,717.445177
262.31493,16,717.669753
320.386626,18,717.934304
391.085652,24,718.285082
297.463824,12,718.456955
297.865384,23,718.789953
456.354069,26,719.184304
303.908511,20,719.478216
228.455629,14,719.690678
394.984663,21,719.984943
584.867452,30,720.432144
486.043624,28,720.840803
373.47062,23,721.183323
313.052107,16,721.423138
275.062859,30,721.836929
198.627236,9,721.953111
209.386181,20,722.233238
450.836816,48,722.851683
440.875719,21,723.133102
460.297101,30,723.533102
212.325538,9,723.661079
429.082179,34,724.151623
411.426867,24,724.513132
436.165909,25,724.86414
267.916446,17,725.082099
321.833432,13,725.262076
386.786361,19,725.957054
505.297992,39,726.530368
232.081706,5,726.601094
642.226635,37,727.136318
277.564491,17,727.392106
318.919207,20,727.69636
581.190678,26,728.086805
301.121769,13,728.281646
379.921098,18,728.550374
154.593923,8,728.660776
219.904046,8,728.771795
509.822429,37,729.29716
455.77768,29,729.712427
260.593969,39,730.272715
342.646484,31,730.740408
223.574616,12,730.947243
572.65656,45,731.633083
199.404219,14,731.840388
369.696074,26,732.197453
422.664892,15,732.418167
511.531714,24,732.783573
330.448081,16,733.015711
358.25209,18,733.286184
221.476345,12,733.486544
324.212651,19,733.803117
426.129119,17,734.13394
307.224974,21,734.540447
423.219537,34,735.120713
519.690806,24,735.528065
489.09076,22,735.893397
431.135474,18,736.221419
394.251389,27,736.68423
509.938559,28,737.117811
358.977492,17,737.349883
505.672857,31,737.838425
450.570003,33,738.320824
185.078379,7,738.43408
155.995705,5,738.507256
437.735262,25,738.868438
460.056525,33,739.343964
400.535764,15,739.571233
508.677546,27,739.946258
374.274425,15,740.15538
266.834484,11,740.31062
411.260367,18,740.56802
491.401503,26,740.935347
298.869038,18,741.206469
470.644793,28,741.604353
495.908383,45,742.239838
294.39898,150,744.426555
598.909873,50,745.180557
425.574736,30,745.629508
331.678207,23,745.970785
270.322172,22,746.285432
433.339208,33,746.761446
319.769845,15,746.969856
373.793069,24,747.320545
425.214028,45,748.02115
245.531463,51,748.77261
511.836474,29,749.167935
540.803596,37,749.700594
638.243613,45,750.355292
301.308146,26,750.768345
223.265644,9,750.905783
367.672853,27,751.303634
455.935926,34,751.793056
444.094255,24,752.137453
397.914445,14,752.343168
408.914016,25,752.759586
202.980971,15,752.989858
232.931431,9,753.116408
456.100364,18,753.402303
290.729666,15,753.630687
430.878114,20,753.897054
380.691837,13,754.075457
369.021752,20,754.346194
163.223296,5,754.416293
430.917266,27,754.797071
553.460428,27,755.156358
523.132179,46,755.767133
368.51254,28,756.198388
539.810553,23,756.516782
251.826085,16,756.732066
514.507843,32,757.165109
402.112036,17,757.408115
581.24661,34,757.885239
569.660088,39,758.448141
429.27624,48,759.154619
449.593573,42,759.832178
419.534624,22,760.166192
293.745986,14,760.35838
258.554528,11,760.508265
448.980866,28,760.928135
288.16744,12,761.103933
397.426019,15,761.314349
557.72868,53,762.064341
369.105192,12,762.245149
384.433445,27,762.648426
364.788566,13,762.835308
483.218428,37,763.409566
415.200254,18,763.701382
315.727299,42,764.316932
221.358494,20,764.610633
424.35283,26,765.006093
266.779379,16,765.255068
321.327087,17,765.502254
357.069889,11,765.653064
454.736227,30,766.097068
511.980792,33,766.581814
230.3759,12,766.773221
408.475524,31,767.322537
230.923268,10,767.502272
275.768712,15,767.752147
375.388347,16,768.009866
194.756266,9,768.165631
452.926338,20,768.514066
314.054414,19,768.854149
478.874804,25,769.271086
372.595804,45,770.013336
436.886792,18,770.283157
256.959683,12,770.461674
364.61283,12,770.625116
338.201691,16,770.849786
326.469511,15,771.066232
348.996297,12,771.252198
686.58797,61,772.180974
437.830233,54,772.973065
480.227295,28,773.394408
412.831471,34,773.91357
460.727118,26,774.313217
472.171394,20,774.608073
146.2596,6,774.707575
229.145889,14,774.910698
327.14642,14,775.101684
504.952741,18,775.355135
293.648539,18,775.593575
376.665293,19,775.857153
443.352282,20,776.149591
299.836383,150,778.362103
415.590828,26,778.74158
410.769689,17,778.990441
376.100622,16,779.229544
298.520811,29,779.655097
473.173161,32,780.141294
228.660086,22,780.498208
401.078791,16,780.857439
644.89256,46,781.545344
309.706082,16,781.768232
340.914641,21,782.082445
468.69392,21,782.398111
481.466435,26,782.781106
491.31749,45,783.499865
451.764947,24,783.860793
304.60881,21,784.169242
250.201492,16,784.404203
532.366912,29,784.817502
453.7117,27,785.265743
236.803447,9,785.397678
329.697097,22,785.710563
445.152258,22,786.008191
327.723957,8,786.141723
439.908478,32,786.62714
387.340357,40,787.230451
495.539232,30,787.653097
562.994022,21,787.966176
178.09565,11,788.127331
280.258217,39,788.710669
232.30378,16,788.928897
269.27102,8,789.051489
326.976302,18,789.328162
235.043267,13,789.512057
338.463002,16,789.743194
471.33282,17,790.003036
147.360313,3,790.046221
490.357444,27,790.442065
330.216134,32,790.915681
333.676411,20,791.208178
583.199678,24,791.585154
267.995604,12,791.786093
629.844193,30,792.226046
322.968826,20,792.528279
363.041997,23,792.88508
427.594626,14,793.101693
619.565386,36,793.635136
168.62554,11,793.794164
157.686709,11,793.948655
453.204991,20,794.24728
260.946002,15,794.472279
352.72392,32,794.947276
467.648491,35,795.466076
228.286896,8,795.5774
470.059465,32,796.040837
204.265702,8,796.155297
444.67521,30,796.626027
506.332691,20,796.92833
377.143003,25,797.293626
341.42903,12,797.476243
283.216027,10,797.622065
246.92237,23,797.951428
321.057419,15,798.160493
515.648476,23,798.50977
260.913722,12,798.666167
419.45372,32,799.105197
506.575156,29,799.527843
419.827685,23,799.873191
338.706533,20,800.194281
429.136723,21,800.9284
492.01381,28,801.417367
472.429592,29,801.950554
417.140828,27,802.460456
408.746642,18,802.744348
419.773438,22,803.106206
243.414316,12,803.284183
376.804713,22,803.601346
255.761566,23,803.930172
391.004156,19,804.218889
533.853833,29,804.658023
602.955724,29,805.104917
343.684746,30,805.533036
200.83744,8,805.650624
338.578996,22,805.963033
256.2133,10,806.101637
172.375402,9,806.229532
355.75757,23,806.576211
450.700675,21,806.877136
209.678823,14,807.07959
555.410436,21,807.377148
378.376529,18,807.662564
451.294178,20,807.948198
263.817511,8,808.063309
572.484285,44,808.692366
462.591662,28,809.102213
546.44396,33,809.629699
222.58049,8,809.743019
230.934474,9,809.87111
381.549774,28,810.263034
571.8099,27,810.658908
277.973607,7,810.755214
464.166694,20,811.062185
253.471859,137,813.120113
610.327007,43,813.752692
250.730581,17,814.002124
616.630839,32,814.448139
401.169235,24,814.801736
257.192285,17,815.063377
386.800532,14,815.258322
701.205581,43,815.919831
479.484112,20,816.206107
306.00388,19,816.488211
597.919671,39,817.063064
551.277594,37,817.611737
214.087692,9,817.757644
230.094256,11,817.924605
306.007528,16,818.14047
521.684381,23,818.485337
194.777119,11,818.643119
494.371683,38,819.207962
544.075633,31,819.69404
301.64699,12,819.868378
201.140411,10,820.022179
372.757716,18,820.297385
448.235672,22,820.597422
566.120122,52,821.347433
472.140508,31,821.761538
293.365448,14,821.952134
430.521758,18,822.199769
521.864347,25,822.557154
379.29443,34,823.039711
660.343543,45,823.687025
202.162201,8,823.807767
316.100453,13,824.004347
491.885102,24,824.352203
155.098247,3,824.406808
372.363258,16,824.653145
516.000135,49,825.370508
195.14584,11,825.531047
443.501734,30,825.968406
504.502011,22,826.305134
482.717546,17,826.558011
392.252194,41,827.158171
440.126462,21,827.469834
416.000786,24,827.815736
499.676527,32,828.285187
361.757579,17,828.528475
207.103399,12,828.710564
289.429682,10,828.856188
429.872663,23,829.191218
337.714743,21,829.502002
550.795033,39,830.077176
370.473846,18,830.350615
583.086428,34,830.84311
365.423526,19,831.125634
310.680279,15,831.347167
532.050197,34,831.837367
410.903718,29,832.301626
303.193617,16,832.532223
383.894124,20,832.831316
485.354144,36,833.498013
480.667794,27,833.995636
497.225158,37,834.62152
332.46793,21,834.996133
590.707169,32,835.600672
462.133441,30,836.112217
292.834763,11,836.273983
468.817978,16,836.512296
247.602843,9,836.64064
208.653758,16,836.875515
318.035324,39,837.444118
436.926951,26,837.814387
418.997232,24,838.16967
443.100299,37,838.70341
339.462865,15,838.924016
390.30448,18,839.223122
396.884645,25,839.594558
323.214627,13,839.789645
607.836954,29,840.216006
470.600438,31,840.654249
181.580762,5,840.731621
253.508014,30,841.169806
288.741185,11,841.330695
267.167083,21,841.631736
313.58418,22,841.98954
388.368076,11,842.15964
226.552707,13,842.35513
298.317321,18,842.630704
241.639479,8,842.74301
221.981529,7,842.853631
500.066987,26,843.268439
452.616111,27,843.674272
555.845369,35,844.202161
199.916126,5,844.280657
452.782044,22,844.581507
258.127339,15,844.796289
333.10023,22,845.100751
523.905447,41,845.682271
183.071986,11,845.833995
445.464538,24,846.187
315.735796,18,846.465254
206.786892,19,846.76851
265.223876,31,847.226146
509.752216,53,847.993327
206.533946,10,848.135571
346.161538,20,848.423306
218.444731,19,848.682294
384.168729,16,848.916239
291.15866,17,849.173745
371.469941,20,849.490454
447.957834,36,850.017196
253.961465,11,850.179558
273.372199,16,850.413316
293.342216,23,850.731673
596.610787,34,851.218195
483.784868,28,851.634583
344.304099,20,851.908066
181.441507,7,852.010727
445.937242,18,852.287772
366.89917,21,852.603412
323.611727,9,852.73067
351.550812,17,852.976235
343.803762,18,853.277632
306.108138,20,853.595191
347.08374,17,853.866879
514.88503,45,854.529728
374.11404,19,854.80516
353.862754,20,855.104231
297.01556,14,855.313104
276.234197,8,855.428375
588.404284,40,856.012043
397.362547,17,856.265008
384.081516,14,856.474848
381.314123,18,856.736818
424.563778,42,857.348172
437.980406,36,857.866186
460.174157,19,858.147601
386.413326,30,858.593055
358.265466,22,858.902325
405.048842,17,859.142785
392.86804,19,859.428325
171.078643,7,859.528754
504.347603,34,860.016271
423.895897,28,860.434356
366.837817,16,860.65966
481.561261,22,860.979644
132.360755,4,861.035304
196.184053,31,861.483115
320.144528,22,861.797113
332.072215,12,861.983332
398.322187,39,862.65449
466.489237,26,863.178371
282.935568,11,863.363193
582.54726,23,863.756003
206.424641,14,864.000649
617.880684,44,864.79511
438.283292,18,865.075157
208.488008,21,865.380536
525.019002,35,865.894647
449.104506,38,866.549667
271.348108,16,866.828336
417.572629,40,867.577786
443.432798,25,867.967747
576.026662,29,868.416079
165.355653,13,868.616185
152.078366,9,868.778244
264.892278,11,868.965302
432.597424,29,869.400586
159.664692,3,869.444017
286.276512,23,869.775135
227.792886,10,869.925094
409.514471,28,870.331676
341.698935,15,870.546256
321.954262,15,870.765559
395.428621,31,871.21828
420.687975,25,871.58521
185.725624,7,871.684331
499.494169,17,871.925135
220.755187,9,872.069683
456.957096,16,872.302102
432.476064,18,872.577274
595.582316,28,872.999597
597.988404,47,873.695285
286.027834,11,873.864165
430.723494,24,874.207042
259.287884,9,874.339631
295.047874,17,874.596543
581.022439,47,875.284365
387.886742,17,875.560747
615.678687,39,876.136113
126.097839,3,876.180504
510.038875,26,876.866267
224.59956,13,877.057665
575.133983,24,877.401241
524.238119,28,877.805133
409.235074,15,878.035171
501.553139,32,878.535868
271.161519,18,878.795354
143.145542,2,878.82454
270.976044,21,879.132294
212.603403,17,879.385509
617.904809,38,879.931591
401.638236,15,880.142122
298.987622,21,880.452421
372.070098,34,880.968002
405.197381,20,881.268378
422.126842,29,881.685252
348.62172,18,881.939598
243.878993,20,882.220415
443.269602,36,882.742121
214.052476,8,882.850694
519.843622,33,883.350522
429.600293,26,883.718101
140.52533,3,883.759547
483.044377,21,884.070832
310.163733,12,884.258209
482.363208,23,884.607796
354.388534,22,884.955106
389.552753,30,885.399848
321.15577,14,885.606495
480.88367,21,885.916984
273.428333,37,886.462198
613.399759,36,886.998425
502.833255,30,887.432223
457.235185,50,888.167114
481.484186,17,888.411144
359.14323,22,888.778242
224.669426,10,888.927302
236.400251,23,889.248606
543.797234,28,889.645186
514.799792,150,891.747148
308.995101,21,892.057793
479.848781,22,892.364192
252.949521,10,892.515658
231.719252,11,892.670777
233.001603,11,892.829694
306.347389,20,893.128359
247.863951,8,893.266542
382.989236,19,893.547041
600.927368,22,893.890376
212.077201,13,894.084253
245.912106,18,894.346053
317.241099,19,894.625358
251.622047,29,895.055711
410.38071,19,895.323217
468.214714,32,895.796702
400.240249,26,896.174114
195.79751,13,896.380762
210.954878,19,896.651969
290.760394,15,896.875559
299.992513,17,897.14419
209.194685,9,897.287506
370.416215,17,897.537724
318.914981,22,897.855504
173.570446,5,897.927516
449.758178,22,898.258114
599.482717,53,899.050408
405.819724,23,899.413222
455.866767,40,900.086687
348.467891,14,900.325167
352.582287,26,900.766246
326.546034,13,900.98721
164.469925,5,901.07414
496.275438,27,901.538772
490.840498,26,902.03147
222.264186,6,902.141533
642.79275,49,902.913983
346.028437,12,903.09729
167.897655,11,903.26415
556.944886,39,903.839763
374.028694,22,904.157179
354.689406,12,904.344052
447.558164,21,904.639755
481.222541,26,905.014304
514.369428,30,905.463131
469.184529,14,905.672638
341.725578,17,905.917249
495.269498,26,906.283498
498.707865,26,906.682226
326.324708,20,906.983209
428.8943,22,907.296005
172.063974,5,907.370112
607.465543,48,908.075998
542.80596,36,908.84975
457.333211,12,909.08636
369.713499,13,909.328075
298.426142,15,909.600647
513.254431,33,910.371768
243.474884,10,910.563312
412.056731,19,910.912181
392.111289,62,912.275098
294.307358,17,912.585081
471.621144,24,913.005244
342.678935,25,913.454355
236.464699,18,913.801283
505.295212,21,914.190501
441.903858,18,914.452182
302.438875,16,914.708058
575.934862,51,915.483378
528.7508,32,916.092304
514.020682,19,916.424127
358.897568,14,916.628245
496.7065,30,917.145161
298.739424,14,917.37064
418.537428,13,917.567982
310.215527,11,917.738196
369.934371,19,918.023058
419.055976,33,918.531102
412.219963,17,918.807292
331.641146,17,919.090833
252.90769,18,919.366151
568.62558,47,920.100809
374.878448,18,920.41604
413.995948,37,920.982181
206.253947,14,921.21331
389.859622,11,921.401447
201.600042,7,921.511142
461.772536,35,922.044144
307.648972,17,922.297253
267.080334,23,922.658228
511.313821,24,923.018149
407.725358,17,923.287062
244.941826,11,923.452366
206.480221,9,923.588759
444.534311,30,924.055167
371.453931,24,924.422322
495.3645,24,924.794185
421.398514,20,925.119775
184.17398,11,925.277535
456.772355,50,926.045147
355.826308,12,926.223153
226.002012,33,926.733035
266.218633,5,926.80416
222.411848,13,927.024397
350.793155,22,927.52778
360.73164,23,928.068444
329.047836,28,928.688331
520.057486,34,930.033272
539.481754,31,931.467237
486.269848,33,933.207507
519.807404,27,934.597881
524.459717,44,936.604188
330.064583,16,937.480008
457.281711,28,938.05898
222.496776,6,938.159157
235.096954,10,938.334389
338.594748,22,938.794517
440.709353,21,939.161831
410.558022,17,939.431521
366.906853,24,939.893754
640.917392,37,940.662244
537.097199,32,941.11796
422.585906,34,941.61892
172.564768,6,941.723571
503.641423,35,942.367775
410.819295,43,943.113656
486.583304,28,943.548261
417.381489,22,943.892626
201.632118,5,943.966419
187.997369,16,944.21777
414.200707,27,944.622204
486.379374,25,944.994561
210.00098,17,945.255181
376.013748,11,945.453799
290.970374,19,945.781127
612.140678,32,946.384476
301.028519,9,946.518203
570.261942,37,947.082098
268.263686,20,947.418199
198.930445,13,947.654317
213.600229,6,947.759184
402.031628,21,948.125668
170.898546,4,948.204461
177.683046,8,948.330097
418.879858,37,948.93119
527.37569,32,949.41348
192.096975,11,949.576975
500.420082,24,949.934259
228.709094,7,950.038972
213.336546,8,950.164312
404.15929,15,950.378998
364.306736,19,950.670207
482.580186,22,951.037945
600.509636,31,951.500011
401.462805,26,951.874495
242.690067,25,952.250948
531.017385,39,952.823929
224.448799,8,952.964591
185.465862,16,953.209021
381.698758,26,953.61503
217.542997,27,954.038354
481.808197,24,954.427118
553.62251,68,955.425677
246.13327,8,955.5426
308.111278,20,955.853656
622.375408,33,956.379492
493.71906,27,956.770339
404.525149,24,957.132462
409.636057,24,957.471058
441.875607,41,958.062845
379.908352,12,958.253576
391.106015,19,958.5453
331.370515,25,958.892181
455.621537,21,959.207265
581.923364,32,959.690811
383.649261,20,959.985608
402.26052,18,960.250667
377.968039,29,960.679096
219.989324,15,960.902006
331.061646,13,961.102541
555.680611,21,961.40096
462.905747,25,962.230145
224.836749,9,962.380448
515.92709,34,962.86423
293.583644,14,963.11155
208.182906,5,963.236615
284.0332,18,963.530358
354.500432,17,963.783437
523.511077,32,964.273625
554.604945,27,964.6601
323.192407,14,964.845015
398.560665,27,965.26417
534.42841,30,965.765426
603.825127,33,966.374862
243.302618,18,966.766486
378.545965,26,967.292736
353.218321,15,967.570113
237.025718,10,967.749038
431.101102,25,968.191108
319.466072,12,968.396028
177.35464,16,968.658052
513.454605,18,968.942073
274.867849,11,969.11541
271.758115,8,969.234578
279.272093,11,969.403584
540.93639,21,969.718304
300.620079,20,970.022775
269.036421,18,970.282393
659.386476,37,970.824604
215.813478,10,970.978115
509.888281,30,971.416989
500.065551,36,971.93505
212.212462,7,972.035219
587.947573,31,972.497151
453.799365,25,972.850815
224.004249,18,973.152409
298.580261,21,973.470357
216.606763,9,973.60797
420.896664,27,973.998188
272.017053,20,974.313583
452.165702,25,974.707106
351.762685,12,974.882258
205.55517,4,974.937335
297.681774,13,975.141433
548.998409,26,975.574656
215.310006,7,975.685719
435.154182,14,975.896064
409.351927,19,976.165577
327.47948,19,976.443621
572.855228,34,976.951802
345.637436,20,977.244637
242.31774,25,977.612226
284.170813,14,977.812168
150.43744,14,978.019202
399.252215,27,978.41951
323.202723,16,978.665257
328.670772,10,978.810305
415.606348,17,979.093604
289.00086,24,979.450657
321.968686,15,979.676929
432.948153,17,979.940033
489.342861,20,980.234594
456.236236,21,980.553536
229.002982,7,980.664516
273.468092,11,980.828055
512.659717,30,981.290939
216.274734,14,981.497945
576.767985,36,982.041999
347.818159,18,982.301149
213.854665,20,982.606118
408.848813,17,982.852143
593.911745,36,983.429627
280.326582,17,983.700305
378.924581,12,983.885154
238.43085,7,983.99562
327.093965,16,984.236965
377.053383,15,984.463409
386.99591,20,984.761962
596.331874,37,985.372306
469.628747,31,985.824269
369.282645,27,986.220927
644.615708,38,986.793679
465.683144,23,987.150899
280.855791,22,987.470447
226.378941,12,987.62714
309.216031,15,987.860159
444.236679,30,988.275918
493.093175,25,988.61904
332.588105,16,988.84623
320.837479,23,989.192124
422.569665,23,989.528811
406.368074,39,990.119395
264.496667,22,990.460165
190.213184,5,990.537253
554.072542,28,990.937931
416.769088,26,991.332076
501.708062,22,991.690433
310.64652,16,991.944577
373.11256,25,992.326625
315.566525,25,992.710284
249.82119,17,992.977051
488.027019,24,993.350106
547.844266,22,993.661304
302.022844,14,993.883556
358.143781,24,994.252094
299.503186,8,994.371638
556.260636,27,994.768968
416.255431,24,995.167642
637.740814,39,995.747158
313.488134,24,996.108996
430.565928,23,996.462082
272.536494,9,996.616318
298.66043,14,996.825973
153.321746,5,996.908503
193.501759,7,997.015677
360.802108,11,997.194413
418.128757,12,997.372778
423.159822,24,997.736114
483.129878,29,998.156981
353.528469,20,998.457907
456.184804,26,998.915447
555.402621,20,999.251214
325.446132,31,999.786085
403.840139,19,1000.116104
393.800336,17,1000.431015
344.854718,21,1000.794555
210.665183,5,1000.890007
266.075032,13,1001.126482
460.861477,40,1001.793581
262.465622,11,1001.954583
424.633137,25,1002.325916
244.966545,14,1002.534295
295.001189,17,1002.792775
484.88047,28,1003.251102
325.158754,36,1003.776123
464.500447,26,1004.149972
467.632902,21,1004.470013
352.929169,14,1004.691118
543.907353,34,1005.195297
529.597369,21,1005.514549
587.600447,33,1006.007149
478.259202,21,1006.327115
579.674757,36,1006.852327
357.652216,17,1007.100915
525.173604,117,1008.876131
266.917002,10,1009.03699
234.984426,12,1009.219993
316.424222,21,1009.572068
411.369334,22,1009.906507
313.558511,16,1010.145946
445.435306,27,1010.557062
411.48742,21,1010.854416
213.02168,11,1011.004441
481.332918,18,1011.255893
294.631836,18,1011.505259
395.221618,20,1011.777975
481.715172,27,1012.153675
456.763463,40,1012.775656
448.212637,29,1013.225913
258.688857,10,1013.371963
401.795093,11,1013.543572
521.707822,33,1014.057958
308.435701,9,1014.198051
457.569089,35,1014.74236
458.720215,25,1015.108302
344.365329,20,1015.426945
551.04552,32,1015.911781
593.936163,37,1016.516767
433.667015,15,1016.740906
435.963303,19,1017.041172
399.547235,15,1017.273968
384.72891,18,1017.54493
229.968442,16,1017.781959
443.55714,25,1018.153526
301.30987,14,1018.368118
285.248141,9,1018.502091
333.562746,21,1018.819152
543.581571,30,1019.28182
606.799098,33,1019.776049
465.953709,17,1020.017464
398.490169,13,1020.204084
260.905972,14,1020.425204
521.300418,22,1020.740062
397.910603,20,1021.046495
418.439436,20,1021.349232
354.708989,24,1021.721916
335.255879,10,1021.879279
283.880396,13,1022.064298
534.804027,55,1022.892089
509.739666,47,1023.646193
498.984845,32,1024.128925
329.388432,17,1024.380983
321.683976,21,1024.695578
498.525462,28,1025.125042
412.477701,16,1025.365918
381.279674,18,1025.645937
244.497231,7,1025.750131
498.066342,26,1026.161923
544.858536,27,1026.579061
321.23482,15,1026.818473
328.357436,19,1027.115418
306.309198,24,1027.464289
303.970527,13,1027.655958
535.774437,32,1028.134228
423.882281,17,1028.393604
424.930822,26,1028.777137
286.292419,14,1028.986942
374.325476,19,1029.286099
561.013587,40,1029.894248
322.116388,13,1030.094541
240.848408,24,1030.467118
170.913365,11,1030.647164
292.835992,17,1030.897996
400.263523,22,1031.232106
544.323604,35,1031.743607
306.441863,16,1032.019156
261.897586,8,1032.173594
454.330332,27,1032.639309
440.190906,23,1033.069015
303.44267,15,1033.336133
563.305829,23,1033.772452
588.010488,26,1034.235022
308.804909,18,1034.529162
324.226167,15,1034.766414
502.711633,38,1035.318232
358.222921,28,1035.739125
257.462401,13,1035.929585
405.614664,35,1036.451134
310.64652,19,1036.740996
515.059484,23,1037.099548
363.438039,14,1037.301438
356.189211,10,1037.44953
363.359646,35,1037.943522
454.192668,23,1038.304435
353.164596,12,1038.481254
316.180402,14,1038.696896
270.853579,21,1039.032154
208.237324,15,1039.656698
627.369398,33,1040.167159
474.541938,20,1040.496567
426.667842,34,1041.012381
147.638066,5,1041.094283
475.226024,25,1041.455003
661.87896,37,1042.014653
350.354489,15,1042.236501
583.424717,28,1042.675164
495.147533,28,1043.089153
394.654913,24,1043.457983
384.474776,19,1043.72597
172.59824,12,1043.910451
164.780458,5,1043.987986
262.911445,15,1044.22522
457.666012,39,1044.821935
601.907146,47,1045.518039
239.48759,13,1045.714321
190.860749,10,1045.85692
230.915434,7,1045.960962
363.840019,12,1046.14517
329.627307,15,1046.382641
113.913287,1,1046.400942
429.101925,16,1046.629233
267.262203,24,1046.986575
292.852568,20,1047.280968
476.171124,24,1047.644538
457.707848,32,1048.129133
352.957478,21,1048.468614
173.222974,8,1048.588093
571.937244,26,1048.981086
244.70359,7,1049.087891
320.453208,20,1049.377933
359.67554,22,1049.72224
479.612048,35,1050.267928
492.020387,23,1050.610156
273.502048,10,1050.765916
514.479805,26,1051.151903
557.616777,35,1051.678255
459.135363,29,1052.112062
462.142351,21,1052.441334
356.753123,18,1052.710531
421.183408,28,1053.135931
212.23443,10,1053.293768
685.493629,41,1054.00749
288.34413,22,1054.395431
196.015378,7,1054.539004
288.576852,19,1054.930087
390.476595,17,1055.251326
139.935026,6,1055.354458
237.246521,14,1055.628753
273.90533,20,1055.997153
563.835512,35,1056.634317
516.371678,33,1057.191031
199.981765,13,1057.43212
418.266697,20,1057.759291
352.389287,29,1058.221907
363.621502,13,1058.417472
333.554402,25,1058.852448
474.59244,35,1059.470888
445.619592,23,1059.878156
375.537682,150,1062.175913
505.855879,16,1062.422493
352.175553,24,1062.813958
205.670471,10,1062.978916
546.455978,28,1063.399215
296.766211,12,1063.586402
160.775501,8,1063.708951
315.256686,15,1063.923628
315.876528,23,1064.283522
225.847736,12,1064.46713
460.642746,22,1064.809917
421.768402,13,1065.010076
524.372177,34,1065.629934
382.002968,25,1066.124641
409.282044,14,1066.421335
604.992899,38,1067.099057
547.877369,35,1067.745584
163.889273,12,1067.937114
318.607722,18,1068.286007
332.667671,15,1068.544414
327.278207,24,1068.941741
282.920295,21,1069.263441
314.36396,16,1069.518115
506.911454,29,1069.944924
555.48492,48,1070.672084
414.697827,19,1070.961865
301.078442,10,1071.102593
355.354128,22,1071.42538
310.756051,22,1071.768121
361.677571,17,1072.014685
403.180757,13,1072.198913
430.910936,20,1072.503374
252.07774,22,1072.877941
232.496344,26,1073.275671
593.410896,33,1073.783745
263.604624,25,1074.164505
240.848739,12,1074.333561
576.182103,31,1074.786706
467.200339,34,1075.27464
602.350342,40,1075.885549
420.078871,26,1076.269909
300.626243,8,1076.391207
548.450435,37,1076.970142
459.055531,19,1077.241871
211.406886,16,1077.497486
334.209969,19,1077.819139
371.764127,17,1078.06888
486.978896,23,1078.420947
406.564941,23,1078.760744
369.411793,23,1079.111978
187.8059,12,1079.295866
248.307592,21,1079.607513
485.409451,24,1079.987148
433.599917,49,1080.702001
279.358972,17,1080.936666
543.754215,30,1081.344683
229.132553,10,1081.479108
288.747182,13,1081.666039
352.416208,20,1081.977036
389.48268,44,1082.645506
490.094778,33,1083.167498
483.212778,37,1083.719563
549.547371,37,1084.288606
394.530283,22,1084.66001
501.973815,20,1084.946131
371.625623,23,1085.292645
341.530297,15,1085.540148
428.51732,23,1085.905222
336.403028,47,1086.654971
192.394488,19,1086.940314
425.69127,21,1087.239037
404.687466,18,1087.509118
309.260861,13,1087.701851
286.952257,18,1087.975878
316.650172,15,1088.191865
568.807222,47,1088.964379
542.891835,45,1089.654589
390.591297,18,1089.955724
313.360159,15,1090.206519
275.557479,7,1090.32322
318.908147,14,1090.534358
399.900185,15,1090.749042
354.146892,18,1091.025131
592.285676,44,1091.698207
428.239155,26,1092.085937
401.869281,28,1092.531448
430.74348,19,1092.829154
133.244642,5,1092.916511
340.886043,18,1093.19958
314.728076,13,1093.384553
295.130091,15,1093.605443
218.085093,10,1093.760172
314.01372,25,1094.150981
146.50937,9,1094.290647
249.506015,12,1094.469096
388.139304,16,1094.720124
563.074983,22,1095.046659
383.980934,40,1095.690997
442.702466,26,1096.083864
385.434991,37,1096.688886
365.156432,14,1096.894545
312.428933,23,1097.261202
666.78498,48,1097.975884
217.660046,10,1098.13247
442.086225,40,1098.791128
465.817235,20,1099.136121
456.390985,17,1099.417959
348.712039,22,1099.839521
262.562493,14,1100.116526
373.097928,18,1100.49237
372.59704,15,1100.749115
389.996605,23,1101.164604
299.174583,18,1101.461895
642.497367,55,1102.277122
228.659249,17,1102.543654
418.903812,19,1102.836922
251.953321,9,1102.976176
266.892509,10,1103.125798
571.38715,36,1103.682029
543.364017,30,1104.107868
151.79532,8,1104.222858
428.962784,17,1104.465677
456.765399,15,1104.662166
220.323566,7,1104.763428
379.007408,12,1104.94096
580.016483,30,1105.396
513.417031,29,1105.843511
378.320312,22,1106.165674
405.444646,25,1106.548441
284.083472,7,1106.655214
264.736174,18,1106.957931
274.563146,14,1107.182093
553.103411,30,1107.625576
278.636828,14,1107.837857
562.135082,30,1108.281147
382.7585,21,1108.613523
432.375158,80,1109.809861
604.373213,32,1110.306966
483.985669,41,1110.920985
315.719242,19,1111.217
403.154157,14,1111.419108
200.76456,10,1111.565148
313.041986,17,1111.818395
364.265936,27,1112.219967
384.516818,17,1112.497058
256.250219,12,1112.680098
458.467913,31,1113.150987
381.864361,18,1113.43213
584.292859,43,1114.124022
532.903823,54,1114.956919
309.409537,22,1115.278502
421.628761,23,1115.618187
559.230011,21,1115.960519
511.291947,33,1116.443448
265.676084,13,1116.629076
338.086065,26,1117.045908
450.243155,16,1117.295961
195.451602,21,1117.612499
539.290487,24,1118.48919
196.703783,11,1118.661559
513.090407,59,1119.572064
472.680488,26,1119.954181
242.032774,6,1120.038192
259.622704,15,1120.271004
527.529944,19,1120.567583
219.261483,11,1120.724681
401.166856,23,1121.082093
431.348294,23,1121.43014
364.431402,19,1121.712784
191.51337,6,1121.79814
333.689528,15,1122.048686
506.188295,17,1122.360935
447.541099,32,1122.84518
250.636804,11,1123.017361
357.500815,16,1123.278417
300.344508,15,1123.505412
160.151367,5,1123.583652
144.185367,3,1123.625379
440.232491,29,1124.037089
191.23745,6,1124.135958
329.608347,15,1124.359385
502.910718,40,1124.975417
452.374223,26,1125.38708
250.449002,18,1125.670054
234.232405,9,1125.804211
442.61947,34,1126.318048
618.979684,38,1126.909239
359.061999,10,1127.059052
327.605772,26,1127.419678
272.714016,150,1129.669139
610.039804,39,1130.276557
607.260613,46,1130.987034
288.490118,9,1131.129897
477.220072,22,1131.476119
347.415595,16,1131.771388
549.576472,30,1132.306951
416.401826,19,1132.659432
214.658509,10,1132.840276
475.767411,22,1133.264192
454.326729,19,1133.597258
278.581228,21,1133.988911
185.026047,15,1134.257829
194.977367,13,1134.486967
418.422019,16,1134.762481
236.616454,7,1134.868966
444.914187,19,1135.179214
275.516854,12,1135.370336
296.949106,25,1135.77809
571.22575,43,1136.420251
317.659642,18,1136.691571
402.970448,22,1137.03104
441.832276,21,1137.35234
519.341749,19,1137.648538
370.795717,18,1137.921933
563.705947,23,1138.278167
532.887644,16,1138.514585
311.417537,16,1138.744282
574.605145,32,1139.237559
563.016063,32,1139.715197
358.546041,26,1140.154698
667.052082,42,1140.800399
244.705767,13,1141.011139
427.129089,24,1141.357874
455.444236,30,1141.815834
594.044706,35,1142.338061
282.590403,27,1142.766511
317.494967,14,1142.980419
417.045431,29,1143.462584
429.334027,25,1143.86194
323.132771,15,1144.084232
442.261219,24,1144.446422
443.424861,31,1144.911066
451.883883,23,1145.259748
259.32754,20,1145.551346
355.800173,22,1145.888195
487.980147,30,1146.32183
361.879937,21,1146.656205
148.272828,6,1146.756266
547.486561,36,1147.290701
602.19441,35,1147.801002
453.344201,20,1148.123602
277.452621,15,1148.382749
491.043214,44,1149.055369
439.686901,24,1149.410994
380.407593,31,1149.865515
304.228489,9,1150.021016
389.218259,28,1150.424983
210.947102,7,1150.535085
219.883718,12,1150.697668
304.484047,17,1150.936086
303.865858,12,1151.10828
352.757017,14,1151.356144
604.624091,40,1151.971597
141.798599,6,1152.068997
497.949799,16,1152.322328
129.677942,4,1152.383587
512.076702,44,1153.051592
330.554233,21,1153.377083
363.914538,23,1153.725068
126.707053,4,1153.787242
472.481366,28,1154.215973
318.333631,18,1154.497345
215.850319,12,1154.674221
188.091604,7,1154.799004
244.646052,11,1154.957056
264.252391,21,1155.273816
531.790083,38,1155.838197
316.152338,26,1156.251459
431.752902,19,1156.53884
474.552473,20,1156.858708
289.739986,10,1157.039618
273.076755,15,1157.267448
383.732095,26,1157.6546
473.5748,33,1158.178977
275.079041,18,1158.443827
174.803089,7,1158.554387
177.971516,5,1158.626154
545.023886,26,1159.0146
337.430033,17,1159.272159
426.687738,98,1160.801368
552.995577,36,1161.344527
297.363441,20,1161.650837
474.287867,29,1162.076276
124.629505,2,1162.113485
429.663394,49,1162.821893
379.506594,13,1163.022877
399.948314,14,1163.237962
537.01282,41,1163.837955
498.212494,19,1164.128023
440.209786,21,1164.430996
232.253901,19,1164.737821
179.798517,8,1164.888176
405.074429,28,1165.379665
495.137882,38,1166.030421
599.395845,34,1166.637063
291.756849,18,1166.971637
339.820286,8,1167.120355
504.180644,26,1167.596745
650.904715,42,1168.314402
251.32166,15,1168.56199
249.540531,15,1168.793907
168.700384,14,1168.99459
455.580508,45,1169.644578
419.901812,24,1170.013555
421.626037,25,1170.40447
365.959288,14,1170.611954
535.649114,23,1170.96216
376.381752,19,1171.261147
337.80309,17,1171.506322
406.277143,23,1171.838066
293.430898,9,1171.981471
473.721767,35,1172.497118
417.927466,21,1172.802013
564.92013,30,1173.262058
366.476984,24,1173.587418
530.639523,39,1174.132125
460.647584,15,1174.380364
293.792693,17,1174.638999
345.529049,22,1174.965824
544.182838,31,1175.453355
486.687808,22,1175.7746
630.143001,31,1176.24605
458.897119,14,1176.464376
347.948358,28,1176.883568
290.638521,14,1177.089013
338.329106,24,1177.463731
601.465848,45,1178.321061
592.363,32,1178.883658
527.931925,22,1179.355404
513.096991,45,1180.125068
348.576955,20,1180.424516
360.677426,14,1180.645937
330.86999,21,1180.952121
587.297129,48,1181.667108
502.75141,38,1182.225395
375.338227,92,1184.028033
289.896282,8,1184.164578
483.443543,38,1184.789037
433.509717,27,1185.205414
253.689756,10,1185.360155
319.460045,11,1185.526017
353.380478,15,1185.765307
388.302175,22,1186.127082
350.348317,22,1186.461952
344.216851,19,1186.749093
277.048168,13,1186.928018
632.226714,43,1187.568812
324.348189,22,1187.911121
325.286758,28,1188.363505
260.026665,18,1188.644896
510.81136,33,1189.147962
389.399094,27,1189.547038
281.362473,24,1189.935026
372.664671,24,1190.351501
142.746865,5,1190.427816
372.349136,30,1190.874323
211.143016,14,1191.076219
469.508336,22,1191.427526
393.43616,15,1191.654265
346.49954,16,1191.935161
427.074579,17,1192.189829
218.58645,7,1192.30234
194.638183,8,1192.424287
197.160621,150,1194.694379
410.667295,18,1194.987362
404.554135,24,1195.33647
165.231776,17,1195.588676
486.363465,27,1196.019082
306.506858,29,1196.455596
526.281329,18,1196.939682
388.161953,23,1197.253579
408.308504,15,1197.45918
368.803384,20,1197.743467
270.199633,8,1197.853556
224.412447,9,1198.009679
503.322354,26,1198.479894
453.644562,24,1198.918897
520.584163,33,1199.478818
265.344411,29,1200.080313
476.386269,20,1200.43883
503.848723,24,1200.876903
181.998643,4,1200.951125
581.343853,35,1201.478023
345.641911,23,1201.830771
405.612413,17,1202.082414
395.362702,25,1202.474685
357.478938,13,1202.660852
285.146199,30,1203.124366
495.112176,31,1203.592014
620.32256,46,1204.362182
355.681646,15,1204.59601
491.078853,26,1205.026102
485.855868,22,1205.369931
252.795002,11,1205.550873
310.523091,11,1205.717811
497.095155,31,1206.206093
265.990948,17,1206.480806
503.022822,26,1206.877955
238.812284,13,1207.075969
334.895606,23,1207.412805
383.696967,83,1208.715991
313.918811,14,1208.927901
487.094708,16,1209.158024
255.824535,84,1210.45058
530.455075,28,1210.871157
582.879969,29,1211.314637
276.919961,10,1211.472855
234.144471,10,1211.627057
430.400369,44,1212.328842
266.248756,8,1212.457631
390.678403,19,1212.729437
224.272099,35,1213.267003
265.382959,10,1213.412169
247.389676,20,1213.691024
624.760596,48,1214.634482
372.575805,149,1217.752027
486.780544,27,1218.176326
552.856342,42,1218.885587
202.063663,7,1219.001336
398.243631,18,1219.271871
261.632687,15,1219.499188
594.757468,37,1220.068056
208.34265,8,1220.182168
273.915507,26,1220.584483
371.381713,15,1220.799655
414.915114,16,1221.024674
257.420204,18,1221.269153
439.78249,23,1221.610273
432.214148,25,1222.059815
475.002953,22,1222.412662
550.284479,37,1223.001198
496.919576,28,1223.473472
490.174962,19,1223.774404
489.35348,26,1224.169941
531.5315,27,1224.639952
467.400453,28,1225.088773
201.20328,10,1225.247337
403.721464,18,1225.520953
495.128179,26,1225.924599
244.405217,7,1226.043688
244.586724,18,1226.311136
262.334605,18,1226.632029
256.214958,11,1226.82212
296.60405,15,1227.052006
432.765819,29,1227.486732
467.332737,22,1227.824638
208.581523,12,1228.000029
311.984524,15,1228.232748
458.881673,28,1228.643456
346.370335,24,1228.996645
602.524521,35,1229.508449
526.015099,34,1230.019352
505.897631,32,1230.49211
408.529651,20,1230.795551
388.674161,28,1231.267322
449.958689,27,1231.746388
401.453408,39,1232.461003
422.687421,24,1232.895118
327.35595,10,1233.072142
351.360392,13,1233.332283
168.057823,4,1233.398565
174.854519,4,1233.479556
320.641291,16,1233.781066
351.164883,25,1234.225183
574.95267,23,1234.573543
245.756555,8,1234.686949
417.917972,18,1234.951029
236.557077,7,1235.056903
461.093833,19,1235.330199
345.711205,13,1235.525236
349.905898,15,1235.747067
294.210836,15,1236.024573
117.535409,2,1236.053706
321.363299,21,1236.369096
309.320126,9,1236.50233
251.070838,11,1236.691922
588.932512,25,1237.060306
401.810429,13,1237.259442
482.918562,17,1237.568233
326.965698,19,1237.85205
509.050981,29,1238.29517
555.884266,31,1238.770535
421.805599,25,1239.150618
281.857351,9,1239.30566
326.743496,12,1239.514666
335.955567,19,1239.846336
481.813025,13,1240.040395
261.336834,15,1240.271047
547.717487,48,1240.992043
332.42251,16,1241.230887
410.899857,15,1241.4559
559.905303,31,1241.917334
336.439379,21,1242.213437
306.636205,13,1242.40701
329.915335,32,1242.966541
355.976287,14,1243.18911
161.591566,8,1243.306086
252.418196,15,1243.533581
474.42268,26,1243.918082
592.564923,35,1244.446465
431.815765,31,1244.875471
296.733212,15,1245.079659
422.141973,19,1245.364947
502.069893,29,1245.796994
269.543894,150,1248.165284
317.90089,12,1248.338177
374.073358,14,1248.541415
117.749631,5,1248.628621
527.060953,36,1249.221623
168.283683,9,1249.417356
599.345918,35,1250.020815
490.872481,54,1250.836907
535.671316,29,1251.319535
444.992698,38,1251.894968
213.292852,11,1252.055775
210.813522,17,1252.326342
473.039639,31,1252.797837
395.799981,25,1253.220934
169.869396,22,1253.562833
451.025413,25,1253.940596
496.320714,17,1254.208077
379.460267,27,1254.635988
274.434518,14,1254.850931
544.822452,39,1255.448455
291.942106,13,1255.652534
519.354536,29,1256.09681
248.484983,13,1256.279967
445.760891,20,1256.570111
311.4239,22,1256.91513
368.909086,16,1257.160425
341.311546,19,1257.439482
472.021562,37,1257.973506
479.56486,37,1258.565985
414.518094,19,1258.850936
697.288059,43,1259.488821
442.958342,33,1260.063667
491.789018,25,1260.449146
281.946304,22,1260.779962
334.365061,17,1261.037914
523.552964,43,1261.699096
335.697565,13,1261.913394
359.747025,13,1262.118941
492.173671,33,1262.611932
168.135734,10,1262.770703
341.400839,15,1263.010956
114.903329,3,1263.05355
188.165811,5,1263.131559
459.987265,27,1263.533542
250.187932,20,1263.833395
287.200774,18,1264.115107
530.013242,35,1264.672334
485.056158,23,1265.086024
380.004511,14,1265.347939
484.46824,32,1265.888889
335.398548,27,1266.365199
410.976466,24,1266.818839
360.976122,35,1267.442162
161.324249,6,1267.544974
270.01911,12,1267.721649
362.298763,13,1267.905695
251.118372,18,1268.159821
435.13529,32,1268.622135
421.331822,16,1268.854524
372.486692,19,1269.127028
468.630662,29,1269.563448
151.912056,51,1270.369326
639.726945,50,1271.116065
539.133845,28,1271.537135
438.976702,26,1271.918012
443.055923,21,1272.225523
356.390216,21,1272.543496
358.289808,32,1273.041305
238.883165,10,1273.202059
198.720645,13,1273.397999
210.277702,11,1273.567908
600.195449,34,1274.090046
465.690856,18,1274.362744
425.633589,19,1274.650451
363.225553,18,1274.916343
388.091485,19,1275.201283
209.544396,7,1275.303583
302.865859,19,1275.58594
308.335655,21,1275.899904
202.841157,8,1276.035928
364.569963,20,1276.591907
239.061017,7,1276.690139
384.335997,18,1276.951953
527.568432,32,1277.422124
492.78176,40,1278.037032
435.99592,25,1278.430132
541.872284,29,1278.87343
585.071677,30,1279.394265
220.301105,11,1279.645583
412.04777,30,1280.220423
431.827955,26,1280.742006
510.151219,22,1281.15468
259.125493,10,1281.317578
425.175096,25,1281.715987
393.755856,18,1282.001117
366.743653,11,1282.204426
399.185591,23,1282.606923
295.196656,12,1282.816397
313.792226,22,1283.190257
427.799452,12,1283.376038
214.556687,7,1283.486846
223.191647,5,1283.561954
386.83949,22,1283.899434
587.561856,32,1284.389761
307.208447,12,1284.577035
282.346283,23,1284.927134
281.112561,37,1285.490964
368.280781,17,1285.74406
569.085378,34,1286.266027
525.205467,27,1286.672618
390.92949,15,1286.894232
343.382718,16,1287.143601
335.877029,26,1287.523702
264.362915,21,1287.827285
287.682356,19,1288.111998
414.19444,39,1288.707025
389.818688,37,1289.246967
349.512986,16,1289.477181
264.929674,12,1289.657745
444.333056,33,1290.139994
412.679889,24,1290.511489
473.827056,23,1290.84588
420.212009,13,1291.032825
158.045602,9,1291.171845
444.018526,25,1291.508262
269.648319,13,1291.691792
348.078634,20,1291.971923
281.185355,12,1292.167944
527.551639,37,1292.739604
575.569235,36,1293.323436
395.448978,23,1293.667021
503.759325,33,1294.203764
532.687788,35,1294.772094
530.565356,28,1295.247755
429.941611,15,1295.575881
245.255827,11,1295.777555
261.282719,22,1296.178728
374.379779,17,1296.457051
425.725602,18,1297.239335
385.808053,24,1298.504487
430.550182,36,1300.33449
471.046757,20,1301.260384
484.752388,23,1302.310716
600.312252,47,1304.129992
489.963875,28,1305.357388
334.973946,19,1306.420543
547.16722,20,1307.301674
283.98798,19,1308.176917
245.119496,17,1308.982454
490.232382,31,1310.227183
364.147711,24,1310.959312
425.284194,21,1311.425458
502.423798,24,1311.964381
473.896704,30,1312.850624
250.606241,7,1313.140655
229.814912,17,1313.792071
460.605507,28,1314.657165
393.021501,23,1315.273523
238.687692,25,1316.118069
297.011921,20,1316.806318
341.416377,45,1318.264512
183.201104,11,1318.578979
551.297509,39,1319.842213
444.549326,31,1320.802477
383.959777,10,1321.058896
468.445722,33,1322.014978
426.550185,30,1323.214456
365.921062,15,1323.859426
245.328975,6,1324.132194
290.109319,23,1325.404175
522.80397,18,1326.567151
232.039204,9,1327.160049
453.542116,25,1328.827
198.11838,18,1329.934543
244.969907,7,1330.419885
358.279642,16,1331.337738
299.429031,9,1332.038115
488.639063,20,1334.516236
589.040956,40,1337.785703
478.197531,24,1339.147335
329.695828,32,1341.217562
115.818301,1,1341.269074
277.175613,21,1342.621152
419.36263,13,1343.422378
354.086886,17,1344.82614
275.740124,16,1345.71419
437.177411,56,1348.88413
273.202114,17,1349.809873
409.125644,24,1350.967645
385.734241,34,1352.888855
541.680696,33,1354.763466
391.128979,22,1356.144238
446.641452,37,1358.005729
243.633691,7,1358.359819
277.8329,12,1359.019582
292.943447,14,1359.773711
297.917341,23,1361.085789
347.18082,9,1361.59464
265.839421,10,1362.164989
321.437587,14,1362.810046
429.168211,27,1363.991267
262.870433,13,1364.660046
582.640585,36,1366.205065
407.206118,39,1367.470004
372.132481,47,1369.786274
257.91419,16,1370.667528
359.348926,17,1371.663513
292.097635,26,1372.646191
434.315923,31,1374.093671
331.946839,12,1374.62269
590.361209,48,1376.900347
333.688315,15,1377.699175
161.797668,6,1377.956111
551.039294,32,1379.335688
299.293573,20,1380.310384
354.460793,20,1381.285147
419.858925,30,1382.564119
330.354235,18,1383.325655
541.728187,30,1384.623832
514.137496,40,1386.474444
155.770243,14,1387.062392
475.1381,29,1388.336191
390.433806,25,1389.308869
458.159067,33,1390.682302
476.90128,25,1391.861059
370.455557,22,1392.686313
301.925886,10,1393.075354
246.840378,30,1394.313553
285.1015,33,1395.670972
337.623218,14,1396.234659
529.77519,29,1397.366978
316.157695,16,1398.039849
210.883951,11,1398.520846
352.688665,18,1399.589578
291.356197,23,1401.287726
329.681264,12,1402.035908
283.511554,21,1403.181654
316.402409,12,1403.750515
460.080705,52,1405.834619
360.83117,23,1406.80607
265.7891,21,1407.660356
210.271163,8,1408.007397
432.425538,27,1409.102339
502.397083,37,1410.585776
419.222783,20,1411.429108
333.104521,15,1412.077021
163.398348,4,1412.25588
398.35337,16,1412.922521
372.421333,15,1413.5942
378.875806,30,1414.851109
278.073659,14,1415.421314
243.501514,13,1415.958544
435.121212,20,1416.815431
358.772209,16,1417.411608
394.789295,37,1419.039178
354.903348,20,1419.886108
369.405514,12,1420.409958
212.455352,21,1421.327081
541.590468,28,1422.459573
219.517319,16,1423.092178
372.129533,26,1424.215056
373.167921,28,1425.311899
313.089493,9,1425.686072
217.813177,11,1426.142054
397.850678,24,1427.100054
268.045724,19,1428.146556
590.565188,37,1429.717334
215.790479,10,1430.145757
513.061996,37,1431.662469
458.158769,13,1432.374727
223.791335,13,1433.066605
429.106079,24,1434.492794
407.407502,25,1435.663777
346.694904,23,1436.583581
244.476464,14,1437.132256
442.568124,28,1438.270287
519.600887,40,1440.002088
271.990727,25,1441.044485
168.473162,8,1441.377846
494.544727,17,1442.119525
404.904595,35,1443.735906
621.635645,36,1445.221261
314.734982,16,1445.933684
226.390499,12,1446.486402
408.545631,23,1447.534554
111.784731,3,1447.677516
201.450217,7,1447.984557
209.373613,9,1448.35572
370.557449,14,1448.948505
323.066438,15,1449.702342
139.277817,8,1450.022405
346.454078,27,1451.196078
337.456185,16,1451.868606
593.525193,45,1453.748476
245.225844,7,1454.031767
291.998472,23,1454.966141
295.025081,19,1455.867359
421.493344,30,1457.399966
489.372258,35,1459.130012
375.154121,20,1460.094277
270.352378,13,1460.71971
292.123934,13,1461.34251
516.426242,26,1462.39216
216.978846,20,1463.209624
490.561137,33,1464.710439
298.498587,15,1465.498995
388.626828,16,1466.412198
393.623556,16,1467.334465
461.78927,36,1469.304362
466.832024,24,1470.314804
515.665025,29,1471.62212
297.774678,17,1472.365886
256.333803,12,1472.810126
188.713399,6,1473.084307
240.876797,8,1473.398535
234.702516,13,1473.902307
284.683146,20,1474.695386
281.322856,9,1475.203575
540.493783,19,1476.089604
370.889048,17,1476.810022
365.076213,19,1477.514474
229.477197,9,1477.858505
475.02491,21,1478.740498
554.269333,26,1479.719956
299.88082,11,1480.219878
410.103816,27,1481.270406
409.290006,27,1482.309911
199.108683,19,1483.077997
302.947922,9,1483.414968
569.57756,73,1486.463927
374.959786,25,1487.559694
312.883,16,1488.441646
443.755818,22,1489.409397
142.307862,7,1489.71591
284.030528,11,1490.219061
430.855216,23,1491.289858
239.124966,7,1491.590088
509.817665,31,1493.001533
173.081475,11,1493.506531
451.067955,27,1494.663623
317.185516,22,1495.586394
352.026948,19,1496.412924
339.075436,18,1497.21272
160.363624,7,1497.506473
335.192434,32,1499.115209
455.973426,44,1501.298306
334.909674,19,1502.143074
421.244334,19,1502.947683
298.99901,15,1503.596205
488.148791,26,1504.739706
336.44509,23,1505.744093
366.364025,25,1506.832955
496.057909,31,1508.325676
263.494973,23,1509.303062
483.225623,18,1510.131094
492.908559,30,1511.494038
379.340748,19,1512.365921
495.136492,30,1513.725913
360.435561,30,1515.104234
580.153723,20,1515.984775
376.793265,24,1517.061717
196.678467,4,1517.246123
490.032137,29,1518.582606
601.457826,42,1520.674608
336.724303,17,1521.443301
288.251335,12,1521.977712
253.100447,10,1522.443211
309.201115,20,1523.397531
361.190848,14,1524.041923
515.123024,21,1524.973187
417.17238,44,1526.881815
402.838276,25,1528.164794
538.214376,32,1529.897228
346.444444,20,1530.817997
378.696487,30,1532.227152
451.150095,34,1533.967704
448.125972,28,1535.333133
542.714513,29,1536.595727
369.845351,25,1537.671781
456.636932,34,1539.20412
214.973119,11,1539.703338
373.54108,37,1541.409095
183.889238,8,1541.768899
444.472665,26,1542.906764
364.980514,21,1543.807903
382.39735,21,1544.787308
426.532798,25,1545.926674
420.33084,23,1546.939703
444.666434,40,1548.869451
548.305046,51,1551.205324
278.040126,9,1551.632097
386.139193,25,1552.784472
242.294795,11,1553.305572
379.576334,40,1555.221168
376.162669,10,1555.754498
468.867313,31,1557.15646
464.971378,31,1558.543862
200.483298,4,1558.709162
172.986044,17,1559.353064
502.437702,17,1560.119741
416.045971,21,1561.058741
514.12222,25,1562.16816
241.963684,21,1563.029969
621.410206,39,1564.636453
327.815379,13,1565.302395
438.810098,22,1566.352425
275.132106,13,1566.987354
388.495333,15,1567.698997
384.116717,23,1568.848657
406.040062,23,1569.873128
412.906057,28,1571.202447
457.266771,22,1572.320074
383.717958,15,1572.992338
311.190209,12,1573.525754
295.469147,11,1574.003115
411.926841,16,1574.698026
298.806805,18,1575.512113
452.689464,20,1576.387603
414.934881,15,1577.053913
210.264129,15,1577.732836
319.259311,20,1578.67024
362.414655,22,1579.657109
242.013974,12,1580.272257
555.393613,32,1581.788253
375.616563,18,1582.597521
410.777171,25,1583.713232
596.956061,35,1585.282143
266.853982,6,1585.554901
251.512279,17,1586.327172
567.275722,38,1588.062272
439.087516,28,1589.370751
253.722796,10,1589.825137
522.565819,26,1590.944087
535.109185,45,1592.942364
367.042998,16,1593.653045
473.498593,22,1594.658089
414.559283,24,1595.767677
387.477494,27,1596.947931
545.035031,36,1598.599903
224.114874,7,1598.968473
310.925613,28,1600.342136
635.609955,39,1602.185888
362.96428,14,1602.818497
599.788823,79,1606.283033
525.492764,41,1608.129569
585.619909,34,1609.931876
614.54781,37,1611.590213
324.007765,30,1612.930425
306.084425,16,1613.656925
420.974748,139,1619.762366
251.146232,15,1620.376865
360.809506,15,1621.052973
375.882542,18,1621.856538
314.369704,8,1622.199677
229.733665,13,1622.745562
232.142119,9,1623.160516
385.108377,15,1623.784167
489.956912,21,1624.716295
322.706795,17,1625.516523
252.233537,16,1626.17621
529.709637,24,1627.22252
453.987598,17,1627.969927
414.477191,23,1628.961745
255.300284,29,1630.261408
556.278913,32,1632.087821
299.486779,25,1633.569858
472.069485,34,1635.195765
443.679933,27,1636.647606
403.148569,21,1637.549907
384.489172,24,1638.550435
251.491268,26,1639.668271
303.668836,20,1640.862049
504.463442,24,1642.084868
269.418683,14,1642.680307
470.6006,33,1644.145486
348.836108,22,1645.120597
156.790582,5,1645.339219
529.233401,16,1646.043079
374.8284,14,1646.635077
403.075656,22,1647.52595
326.817006,17,1648.213397
294.221021,12,1648.72469
319.442604,15,1649.359986
166.589768,10,1649.785426
557.03136,24,1650.756879
314.352929,11,1651.20786
444.440902,41,1653.10783
437.532376,30,1654.490454
240.252983,22,1655.458718
349.283769,105,1660.166546
390.774064,28,1661.501388
442.182648,31,1662.839217
687.915804,41,1664.83439
461.642798,29,1666.261698
164.241892,11,1666.790831
315.69793,20,1667.832628
400.647497,25,1669.043764
418.868115,30,1670.385922
379.614039,22,1671.383275
452.064519,21,1672.280018
611.70719,37,1673.840569
225.830401,25,1674.852609
278.757441,9,1675.233987
406.628998,25,1676.131508
288.979107,22,1676.905285
303.683291,18,1677.520319
165.644306,13,1677.987683
270.28693,11,1678.344588
349.282648,18,1678.932221
374.912824,20,1679.593747
416.690339,39,1680.876989
489.134328,23,1681.632846
373.498627,32,1683.01061
406.931842,19,1683.70169
412.731695,36,1685.087308
253.789541,18,1685.737139
323.8217,19,1686.443361
451.13944,26,1687.325344
245.015186,12,1687.734152
455.647639,20,1688.429535
478.79444,26,1689.24142
548.023681,18,1689.880312
129.089496,150,1696.110023
416.177336,14,1696.58329
203.654556,11,1696.966435
333.015023,18,1697.721323
380.738444,20,1698.767969
606.2882,38,1700.959523
385.367528,29,1702.095152
543.846317,36,1703.314328
493.27598,44,1704.68206
625.468793,35,1706.19333
341.507712,18,1706.802189
197.490772,10,1707.117926
532.581459,24,1707.936079
416.197816,17,1708.530225
497.568251,25,1709.467025
213.80333,7,1709.699073
450.844364,29,1710.63157
286.196275,17,1711.364549
162.784537,3,1711.503711
467.048869,28,1712.471137
289.310605,13,1712.951644
492.15515,21,1713.617249
442.165624,30,1714.729288
301.73147,13,1715.158041
569.378534,36,1716.333406
318.035452,17,1716.926673
422.728338,29,1717.858751
303.85557,16,1718.4265
614.445022,46,1720.030099
348.909606,18,1720.62626
513.519345,29,1721.702093
335.212786,23,1722.415204
595.54001,44,1723.946169
293.97621,21,1724.599201
288.806098,17,1725.16707
500.30818,23,1725.980109
279.82501,25,1726.866741
360.107581,15,1727.349977
222.184733,11,1727.723931
455.480015,23,1728.524093
457.688807,20,1729.171728
280.596132,8,1729.482085
364.372287,18,1730.102252
484.707678,20,1730.771513
424.353544,23,1732.137034
447.877109,25,1733.502145
447.922002,25,1734.304981
349.60427,12,1734.810073
310.724867,27,1735.664206
462.233032,24,1736.424704
263.588087,20,1737.106215
660.363245,42,1738.652423
216.261871,14,1739.092927
337.156362,12,1739.49951
464.593871,27,1740.401654
581.060396,38,1741.729255
175.506708,4,1741.876072
534.615126,30,1742.840201
437.451142,27,1743.758687
399.279275,19,1744.423843
439.112951,23,1745.16777
433.733755,22,1745.923124
476.919286,36,1747.191552
295.625249,14,1747.777755
600.266884,29,1748.740344
567.083863,36,1750.074508
340.328445,20,1750.718309
381.669221,17,1751.275835
557.036426,19,1751.927917
407.829458,28,1753.084086
148.676231,13,1753.54017
280.523595,13,1753.970163
422.731708,21,1754.66991
432.91574,26,1755.552469
390.129047,14,1756.002418
421.876351,13,1756.475092
341.3467,27,1757.412142
358.152125,20,1758.112879
391.940996,21,1758.896918
345.941268,36,1760.090705
572.060905,36,1761.438155
617.538921,41,1762.932148
302.956852,15,1763.540118
216.202067,12,1764.253774
228.000973,10,1764.855195
101.257096,150,1770.492062
414.717259,18,1771.11463
302.909244,24,1771.87721
404.894961,17,1772.457122
438.753348,28,1773.457557
432.895275,34,1774.635459
159.292759,18,1775.257901
449.595078,22,1776.002115
371.031499,15,1776.524008
664.880713,38,1777.90007
467.015979,23,1778.681605
207.449071,4,1778.820002
367.956424,14,1779.274075
434.181122,13,1779.703508
290.776638,16,1780.219907
479.269873,29,1781.204119
426.139029,27,1782.122308
460.508459,23,1782.900156
497.885228,18,1783.490671
204.678892,13,1783.921457
218.511363,11,1784.277705
189.281366,8,1784.540844
243.877957,18,1785.175037
457.795483,33,1786.230752
246.759532,13,1786.679059
575.11365,33,1787.741385
203.956017,9,1788.050099
198.217589,17,1788.64721
301.259641,11,1788.982168
436.212244,26,1789.963204
529.779517,31,1791.012058
206.583766,5,1791.165675
160.865809,24,1792.008109
404.468846,18,1792.5905
259.608332,16,1793.192416
346.109443,12,1793.662097
287.087521,12,1794.068843
199.598862,10,1794.410209
405.361772,20,1795.100489
253.187909,14,1795.534006
250.243131,21,1796.333346
595.217819,30,1798.073899
462.929155,16,1798.882168
269.391856,12,1799.228087
180.814581,15,1799.695356
400.319932,22,1800.431433
456.375191,35,1801.583941
213.301562,12,1801.971409
459.768261,24,1802.793147
448.355527,16,1803.364322
336.651271,17,1803.947041
415.87938,20,1804.662274
317.328074,20,1805.322454
271.492159,25,1806.168169
426.000767,22,1806.980274
369.041271,19,1807.731718
201.877939,10,1808.086349
302.103737,23,1808.878113
571.838213,32,1809.929921
442.446509,23,1810.686278
382.495698,27,1811.565671
347.326677,27,1812.526072
266.852825,10,1812.849356
592.315256,41,1814.241462
269.740847,20,1814.983756
420.298523,23,1815.859411
464.278904,29,1816.911878
386.389585,22,1817.783375
287.457768,13,1818.250721
448.683674,38,1819.560304
401.158152,22,1820.362313
536.975759,24,1821.172526
560.103971,33,1822.385913
335.618349,19,1823.035075
385.853843,18,1823.63973
456.386501,25,1824.468103
279.61643,13,1824.882541
497.760796,44,1826.312417
276.2777,21,1827.027539
393.334909,13,1827.461389
289.288261,9,1827.780283
267.634325,12,1828.292502
574.966494,44,1830.651906
418.511305,27,1831.699165
302.460844,9,1831.990411
206.017061,4,1832.139955
318.564769,19,1832.767324
390.871425,25,1833.71647
632.684678,38,1834.984072
548.216126,38,1836.218137
526.354376,24,1836.993602
257.324201,8,1837.244293
303.066297,36,1838.545761
336.462149,9,1838.826069
312.81263,15,1839.397329
376.452298,18,1840.120045
575.831754,37,1841.378093
309.933674,29,1842.387077
588.280001,36,1843.687486
258.636405,8,1843.959337
404.157746,19,1844.561466
492.275734,31,1845.67904
374.240071,18,1846.279346
432.905242,17,1846.827122
545.216223,24,1847.732151
518.692984,33,1848.886839
499.602135,31,1850.021513
229.899435,20,1850.813984
582.268911,49,1852.382334
599.361657,28,1853.311643
547.240246,79,1856.106292
301.062655,9,1856.39851
410.337487,16,1856.898283
587.446425,36,1858.06442
338.598302,29,1858.851459
487.650781,29,1859.604872
287.582472,13,1859.944849
395.390154,10,1860.201739
247.495278,13,1860.541071
314.753758,26,1861.433311
449.882828,24,1862.800348
209.13211,14,1863.518578
300.165069,20,1863.980437
469.104484,32,1864.79332
499.855158,21,1865.310413
163.119147,13,1865.6428
321.785728,23,1866.278779
288.083718,18,1866.793092
381.261909,26,1867.496863
318.334996,20,1868.009643
321.061081,27,1868.901849
